1;亜;7;Ni;ア
2;哀;9;"Kuchi, Kuchihen";アイ、あわ-れ、あわ-れむ
3;挨;10;Tehen;アイ
4;愛;13;"Kokoro, Risshinben, Shitagokoro";アイ
5;曖;17;"Nichi, Nichihen";アイ
6;悪;11;"Kokoro, Risshinben, Shitagokoro";アク、オ、わる-い
7;握;12;Tehen;アク、にぎ-る
8;圧;5;"Tsuchi, Tsuchihen";アツ
9;扱;6;Tehen;あつか-う
10;宛;8;Ukanmuri;あ-てる
11;嵐;12;"Yama, Yamahen";あらし
12;安;6;Ukanmuri;アン、やす-い
13;案;10;"Ki, Kihen";アン
14;暗;13;"Nichi, Nichihen";アン、くら-い
15;以;5;"Hito, Ninben, Hitoyane";イ
16;衣;6;"Koromo, Koromohen";イ、ころも
17;位;7;"Hito, Ninben, Hitoyane";イ、くらい
18;囲;7;Kunigamae;イ、かこ-む、かこ-う
19;医;7;Kakushigamae;イ
20;依;8;"Hito, Ninben, Hitoyane";イ、[エ]
21;委;8;"Onna, Onnahen";イ、ゆだ-ねる
22;威;9;"Onna, Onnahen";イ
23;為;9;"Hi, Hihen, Renga";イ
24;畏;9;"Ta, Tahen";イ、おそ-れる
25;胃;9;"Niku, Nikuzuki";イ
26;尉;11;Sun;イ
27;異;11;"Ta, Tahen";イ、こと
28;移;11;"Nogi, Nogihen";イ、うつ-る、うつ-す
29;萎;11;Kusakanmuri;イ、な-える
30;偉;12;"Hito, Ninben, Hitoyane";イ、えら-い
31;椅;12;"Ki, Kihen";イ
32;彙;13;Keigashira;イ
33;意;13;"Kokoro, Risshinben, Shitagokoro";イ
34;違;13;Shinnyoo;イ、ちが-う、ちが-える
35;維;14;"Ito, Itohen";イ
36;慰;15;"Kokoro, Risshinben, Shitagokoro";イ、なぐさ-める、なぐさ-む
37;遺;15;Shinnyoo;イ、[ユイ]
38;緯;16;"Ito, Itohen";イ
39;域;11;"Tsuchi, Tsuchihen";イキ
40;育;8;"Niku, Nikuzuki";イク、そだ-つ、そだ-てる、はぐく-む
41;一;1;Ichi;イチ、イツ、ひと、ひと-つ
42;壱;7;Samurai;イチ
43;逸;11;Shinnyoo;イツ
44;茨;9;Kusakanmuri;[いばら]
45;芋;6;Kusakanmuri;いも
46;引;4;"Yumi, Yumihen";イン、ひ-く、ひ-ける
47;印;6;"Fushizukuri, Warifu";イン、しるし
48;因;6;Kunigamae;イン、よ-る
49;咽;9;"Kuchi, Kuchihen";イン
50;姻;9;"Onna, Onnahen";イン
51;員;10;"Kuchi, Kuchihen";イン
52;院;10;Kozatohen;イン
53;淫;11;"Mizu, Sanzui, Shitamizu";イン、みだ-ら
54;陰;11;Kozatohen;イン、かげ、かげ-る
55;飲;12;"Shoku, Shokuhen";イン、の-む
56;隠;14;Kozatohen;イン、かく-す、かく-れる
57;韻;19;Oto;イン
58;右;5;"Kuchi, Kuchihen";ウ、ユウ、みぎ
59;宇;6;Ukanmuri;ウ
60;羽;6;Hane;ウ、は、はね
61;雨;8;"Ame, Amekanmuri";ウ、あめ、[あま]
62;唄;10;"Kuchi, Kuchihen";[うた]
63;鬱;29;"Cho, Nioizake";ウツ
64;畝;10;"Ta, Tahen";うね
65;浦;10;"Mizu, Sanzui, Shitamizu";うら
66;運;12;Shinnyoo;ウン、はこ-ぶ
67;雲;12;"Ame, Amekanmuri";ウン、くも
68;永;5;"Mizu, Sanzui, Shitamizu";エイ、なが-い
69;泳;8;"Mizu, Sanzui, Shitamizu";エイ、およ-ぐ
70;英;8;Kusakanmuri;エイ
71;映;9;"Nichi, Nichihen";エイ、うつ-る、うつ-す、は-える
72;栄;9;"Ki, Kihen";エイ、さか-える、は-え、は-える
73;営;12;Tsukanmuri;エイ、いとな-む
74;詠;12;"Gon, Gonben";エイ、よ-む
75;影;15;Sanzukuri;エイ、かげ
76;鋭;15;"Kane, Kanehen";エイ、するど-い
77;衛;16;Gyoogamae;エイ
78;易;8;"Nichi, Nichihen";エキ、イ、やさ-しい
79;疫;9;Yamaidare;エキ、[ヤク]
80;益;10;Sara;エキ、[ヤク]
81;液;11;"Mizu, Sanzui, Shitamizu";エキ
82;駅;14;"Uma, Umahen";エキ
83;悦;10;"Kokoro, Risshinben, Shitagokoro";エツ
84;越;12;"Hashiru, Soonyoo";エツ、こ-す、こ-える
85;謁;15;"Gon, Gonben";エツ
86;閲;15;Mongamae;エツ
87;円;4;Doogamae;エン、まる-い
88;延;8;Ennyoo;エン、の-びる、の-べる、の-ばす
89;沿;8;"Mizu, Sanzui, Shitamizu";エン、そ-う
90;炎;8;"Hi, Hihen, Renga";エン、ほのお
91;怨;9;"Kokoro, Risshinben, Shitagokoro";エン、オン
92;宴;10;Ukanmuri;エン
93;媛;12;"Onna, Onnahen";エン
94;援;12;Tehen;エン
95;園;13;Kunigamae;エン、その
96;煙;13;"Hi, Hihen, Renga";エン、けむ-る、けむり、けむ-い
97;猿;13;"Inu, Kemonohen";エン、さる
98;遠;13;Shinnyoo;エン、[オン]、とお-い
99;鉛;13;"Kane, Kanehen";エン、なまり
100;塩;13;"Tsuchi, Tsuchihen";エン、しお
101;演;14;"Mizu, Sanzui, Shitamizu";エン
102;縁;15;"Ito, Itohen";エン、ふち
103;艶;19;Iro;エン、つや
104;汚;6;"Mizu, Sanzui, Shitamizu";オ、けが-す、けが-れる、けが-らわしい、よご-す、よご-れる、きたな-い
105;王;4;"Tama, Oo";オウ
106;凹;5;Ukebako;オウ
107;央;5;Dai;オウ
108;応;7;"Kokoro, Risshinben, Shitagokoro";オウ、こた-える
109;往;8;Gyooninben;オウ
110;押;8;Tehen;オウ、お-す、お-さえる
111;旺;8;"Nichi, Nichihen";オウ
112;欧;8;Akubi;オウ
113;殴;8;Rumata;オウ、なぐ-る
114;桜;10;"Ki, Kihen";オウ、さくら
115;翁;10;Hane;オウ
116;奥;12;Dai;オウ、おく
117;横;15;"Ki, Kihen";オウ、よこ
118;岡;8;"Yama, Yamahen";[おか]
119;屋;9;Shikabane;オク、や
120;億;15;"Hito, Ninben, Hitoyane";オク
121;憶;16;"Kokoro, Risshinben, Shitagokoro";オク
122;臆;17;"Niku, Nikuzuki";オク
123;虞;13;Toragashira;おそれ
124;乙;1;"Otsu, Otsunyoo";オツ
125;俺;10;"Hito, Ninben, Hitoyane";おれ
126;卸;9;"Fushizukuri, Warifu";おろ-す、おろし
127;音;9;Oto;オン、イン、おと、ね
128;恩;10;"Kokoro, Risshinben, Shitagokoro";オン
129;温;12;"Mizu, Sanzui, Shitamizu";オン、あたた-か、あたた-かい、あたた-まる、あたた-める
130;穏;16;"Nogi, Nogihen";オン、おだ-やか
131;下;3;Ichi;カ、ゲ、した、しも、もと、さ-げる、さ-がる、くだ-る、くだ-す、くだ-さる、お-ろす、お-りる
132;化;4;Hi;カ、ケ、ば-ける、ば-かす
133;火;4;"Hi, Hihen, Renga";カ、ひ、[ほ]
134;加;5;Chikara;カ、くわ-える、くわ-わる
135;可;5;"Kuchi, Kuchihen";カ
136;仮;6;"Hito, Ninben, Hitoyane";カ、[ケ]、かり
137;何;7;"Hito, Ninben, Hitoyane";カ、なに、[なん]
138;花;7;Kusakanmuri;カ、はな
139;佳;8;"Hito, Ninben, Hitoyane";カ
140;価;8;"Hito, Ninben, Hitoyane";カ、あたい
141;果;8;"Ki, Kihen";カ、は-たす、は-てる、は-て
142;河;8;"Mizu, Sanzui, Shitamizu";カ、かわ
143;苛;8;Kusakanmuri;カ
144;科;9;"Nogi, Nogihen";カ
145;架;9;"Ki, Kihen";カ、か-ける、か-かる
146;夏;10;Suinyoo;カ、[ゲ]、なつ
147;家;10;Ukanmuri;カ、ケ、いえ、や
148;荷;10;Kusakanmuri;カ、に
149;華;10;Kusakanmuri;カ、[ケ]、はな
150;菓;11;Kusakanmuri;カ
151;貨;11;"Kai, Kaihen";カ
152;渦;12;"Mizu, Sanzui, Shitamizu";カ、うず
153;過;12;Shinnyoo;カ、す-ぎる、す-ごす、あやま-つ、あやま-ち
154;嫁;13;"Onna, Onnahen";カ、よめ、とつ-ぐ
155;暇;13;"Nichi, Nichihen";カ、ひま
156;禍;13;"Shimesu, Shimesuhen";カ
157;靴;13;"Kakunokawa, Kawahen";カ、くつ
158;寡;14;Ukanmuri;カ
159;歌;14;Akubi;カ、うた、うた-う
160;箇;14;"Take, Takekanmuri";カ
161;稼;15;"Nogi, Nogihen";カ、かせ-ぐ
162;課;15;"Gon, Gonben";カ
163;蚊;10;"Mushi, Mushihen";か
164;牙;4;"Kiba, Kibahen";ガ、[ゲ]、きば
165;瓦;5;Kawara;ガ、かわら
166;我;7;"Hokogamae, Hokozukuri";ガ、われ、わ
167;画;8;"Ta, Tahen";ガ、カク
168;芽;8;Kusakanmuri;ガ、め
169;賀;12;"Kai, Kaihen";ガ
170;雅;13;Furutori;ガ
171;餓;15;"Shoku, Shokuhen";ガ
172;介;4;"Hito, Ninben, Hitoyane";カイ
173;回;6;Kunigamae;カイ、[エ]、まわ-る、まわ-す
174;灰;6;"Hi, Hihen, Renga";カイ、はい
175;会;6;"Hito, Ninben, Hitoyane";カイ、エ、あ-う
176;快;7;"Kokoro, Risshinben, Shitagokoro";カイ、こころよ-い
177;戒;7;"Hokogamae, Hokozukuri";カイ、いまし-める
178;改;7;Nobun;カイ、あらた-める、あらた-まる
179;怪;8;"Kokoro, Risshinben, Shitagokoro";カイ、あや-しい、あや-しむ
180;拐;8;Tehen;カイ
181;悔;9;"Kokoro, Risshinben, Shitagokoro";カイ、く-いる、く-やむ、くや-しい
182;海;9;"Mizu, Sanzui, Shitamizu";カイ、うみ
183;界;9;"Ta, Tahen";カイ
184;皆;9;Shiro;カイ、みな
185;械;11;"Ki, Kihen";カイ
186;絵;12;"Ito, Itohen";カイ、エ
187;開;12;Mongamae;カイ、ひら-く、ひら-ける、あ-く、あ-ける
188;階;12;Kozatohen;カイ
189;塊;13;"Tsuchi, Tsuchihen";カイ、かたまり
190;楷;13;"Ki, Kihen";カイ
191;解;13;"Tsuno, Tsunohen";カイ、ゲ、と-く、と-かす、と-ける
192;潰;15;"Mizu, Sanzui, Shitamizu";カイ、つぶ-す、つぶ-れる
193;壊;16;"Tsuchi, Tsuchihen";カイ、こわ-す、こわ-れる
194;懐;16;"Kokoro, Risshinben, Shitagokoro";カイ、ふところ、なつ-かしい、なつ-かしむ、なつ-く、なつ-ける
195;諧;16;"Gon, Gonben";カイ
196;貝;7;"Kai, Kaihen";かい
197;外;5;Yuube;ガイ、ゲ、そと、ほか、はず-す、はず-れる
198;劾;8;Chikara;ガイ
199;害;10;Ukanmuri;ガイ
200;崖;11;"Yama, Yamahen";ガイ、がけ
201;涯;11;"Mizu, Sanzui, Shitamizu";ガイ
202;街;12;Gyoogamae;ガイ、[カイ]、まち
203;慨;13;"Kokoro, Risshinben, Shitagokoro";ガイ
204;蓋;13;Kusakanmuri;ガイ、ふた
205;該;13;"Gon, Gonben";ガイ
206;概;14;"Ki, Kihen";ガイ
207;骸;16;"Hone, Honehen";ガイ
208;垣;9;"Tsuchi, Tsuchihen";かき
209;柿;9;"Ki, Kihen";かき
210;各;6;"Kuchi, Kuchihen";カク、おのおの
211;角;7;"Tsuno, Tsunohen";カク、かど、つの
212;拡;8;Tehen;カク
213;革;9;"Kakunokawa, Kawahen";カク、かわ
214;格;10;"Ki, Kihen";カク、[コウ]
215;核;10;"Ki, Kihen";カク
216;殻;11;Rumata;カク、から
217;郭;11;Oozato;カク
218;覚;12;Miru;カク、おぼ-える、さ-ます、さ-める
219;較;13;"Kuruma, Kurumahen";カク
220;隔;13;Kozatohen;カク、へだ-てる、へだ-たる
221;閣;14;Mongamae;カク
222;確;15;"Ishi, Ishihen";カク、たし-か、たし-かめる
223;獲;16;"Inu, Kemonohen";カク、え-る
224;嚇;17;"Kuchi, Kuchihen";カク
225;穫;18;"Nogi, Nogihen";カク
226;学;8;"Ko, Kohen";ガク、まな-ぶ
227;岳;8;"Yama, Yamahen";ガク、たけ
228;楽;13;"Ki, Kihen";ガク、ラク、たの-しい、たの-しむ
229;額;18;Oogai;ガク、ひたい
230;顎;18;Oogai;ガク、あご
231;掛;11;Tehen;か-ける、か-かる、かかり
232;潟;15;"Mizu, Sanzui, Shitamizu";かた
233;括;9;Tehen;カツ
234;活;9;"Mizu, Sanzui, Shitamizu";カツ
235;喝;11;"Kuchi, Kuchihen";カツ
236;渇;11;"Mizu, Sanzui, Shitamizu";カツ、かわ-く
237;割;12;"Katana, Rittoo";カツ、わ-る、わり、わ-れる、さ-く
238;葛;12;Kusakanmuri;カツ、くず
239;滑;13;"Mizu, Sanzui, Shitamizu";カツ、コツ、すべ-る、なめ-らか
240;褐;13;"Koromo, Koromohen";カツ
241;轄;17;"Kuruma, Kurumahen";カツ
242;且;5;Ichi;か-つ
243;株;10;"Ki, Kihen";かぶ
244;釜;10;"Kane, Kanehen";かま
245;鎌;18;"Kane, Kanehen";かま
246;刈;4;"Katana, Rittoo";か-る
247;干;3;Ichijuu;カン、ほ-す、ひ-る
248;刊;5;"Katana, Rittoo";カン
249;甘;5;Amai;カン、あま-い、あま-える、あま-やかす
250;汗;6;"Mizu, Sanzui, Shitamizu";カン、あせ
251;缶;6;Hotogi;カン
252;完;7;Ukanmuri;カン
253;肝;7;"Niku, Nikuzuki";カン、きも
254;官;8;Ukanmuri;カン
255;冠;9;Wakanmuri;カン、かんむり
256;巻;9;Onore;カン、ま-く、まき
257;看;9;"Me, Mehen";カン
258;陥;10;Kozatohen;カン、おちい-る、おとしい-れる
259;乾;11;"Otsu, Otsunyoo";カン、かわ-く、かわ-かす
260;勘;11;Chikara;カン
261;患;11;"Kokoro, Risshinben, Shitagokoro";カン、わずら-う
262;貫;11;"Kai, Kaihen";カン、つらぬ-く
263;寒;12;Ukanmuri;カン、さむ-い
264;喚;12;"Kuchi, Kuchihen";カン
265;堪;12;"Tsuchi, Tsuchihen";カン、た-える
266;換;12;Tehen;カン、か-える、か-わる
267;敢;12;Nobun;カン
268;棺;12;"Ki, Kihen";カン
269;款;12;Akubi;カン
270;間;12;Mongamae;カン、ケン、あいだ、ま
271;閑;12;Mongamae;カン
272;勧;13;Chikara;カン、すす-める
273;寛;13;Ukanmuri;カン
274;幹;13;Ichijuu;カン、みき
275;感;13;"Kokoro, Risshinben, Shitagokoro";カン
276;漢;13;"Mizu, Sanzui, Shitamizu";カン
277;慣;14;"Kokoro, Risshinben, Shitagokoro";カン、な-れる、な-らす
278;管;14;"Take, Takekanmuri";カン、くだ
279;関;14;Mongamae;カン、せき、かか-わる
280;歓;15;Akubi;カン
281;監;15;Sara;カン
282;緩;15;"Ito, Itohen";カン、ゆる-い、ゆる-やか、ゆる-む、ゆる-める
283;憾;16;"Kokoro, Risshinben, Shitagokoro";カン
284;還;16;Shinnyoo;カン
285;館;16;"Shoku, Shokuhen";カン、やかた
286;環;17;"Tama, Oo";カン
287;簡;18;"Take, Takekanmuri";カン
288;観;18;Miru;カン
289;韓;18;Nameshigawa;カン
290;艦;21;"Fune, Funehen";カン
291;鑑;23;"Kane, Kanehen";カン、かんが-みる
292;丸;3;Ten;ガン、まる、まる-い、まる-める
293;含;7;"Kuchi, Kuchihen";ガン、ふく-む、ふく-める
294;岸;8;"Yama, Yamahen";ガン、きし
295;岩;8;"Yama, Yamahen";ガン、いわ
296;玩;8;"Tama, Oo";ガン
297;眼;11;"Me, Mehen";ガン、[ゲン]、まなこ
298;頑;13;Oogai;ガン
299;顔;18;Oogai;ガン、かお
300;願;19;Oogai;ガン、ねが-う
301;企;6;"Hito, Ninben, Hitoyane";キ、くわだ-てる
302;伎;6;"Hito, Ninben, Hitoyane";キ
303;危;6;"Fushizukuri, Warifu";キ、あぶ-ない、あや-うい、あや-ぶむ
304;机;6;"Ki, Kihen";キ、つくえ
305;気;6;Kigamae;キ、ケ
306;岐;7;"Yama, Yamahen";キ
307;希;7;"Haba, Kinben";キ
308;忌;7;"Kokoro, Risshinben, Shitagokoro";キ、い-む、い-まわしい
309;汽;7;"Mizu, Sanzui, Shitamizu";キ
310;奇;8;Dai;キ
311;祈;8;"Shimesu, Shimesuhen";キ、いの-る
312;季;8;"Ko, Kohen";キ
313;紀;9;"Ito, Itohen";キ
314;軌;9;"Kuruma, Kurumahen";キ
315;既;10;Munyoo;キ、すで-に
316;記;10;"Gon, Gonben";キ、しる-す
317;起;10;"Hashiru, Soonyoo";キ、お-きる、お-こる、お-こす
318;飢;10;"Shoku, Shokuhen";キ、う-える
319;鬼;10;"Oni, Kinyoo";キ、おに
320;帰;10;"Haba, Kinben";キ、かえ-る、かえ-す
321;基;11;"Tsuchi, Tsuchihen";キ、もと、もとい
322;寄;11;Ukanmuri;キ、よ-る、よ-せる
323;規;11;Miru;キ
324;亀;11;"Otsu, Otsunyoo";キ、かめ
325;喜;12;"Kuchi, Kuchihen";キ、よろこ-ぶ
326;幾;12;Itogashira;キ、いく
327;揮;12;Tehen;キ
328;期;12;"Tsuki, Tsukihen";キ、[ゴ]
329;棋;12;"Ki, Kihen";キ
330;貴;12;"Kai, Kaihen";キ、たっと-い、とうと-い、たっと-ぶ、とうと-ぶ
331;棄;13;"Ki, Kihen";キ
332;毀;13;Rumata;キ
333;旗;14;"Hoo, Hoohen";キ、はた
334;器;15;"Kuchi, Kuchihen";キ、うつわ
335;畿;15;"Ta, Tahen";キ
336;輝;15;"Kuruma, Kurumahen";キ、かがや-く
337;機;16;"Ki, Kihen";キ、はた
338;騎;18;"Uma, Umahen";キ
339;技;7;Tehen;ギ、わざ
340;宜;8;Ukanmuri;ギ
341;偽;11;"Hito, Ninben, Hitoyane";ギ、いつわ-る、にせ
342;欺;12;Akubi;ギ、あざむ-く
343;義;13;Hitsuji;ギ
344;疑;14;Hiki;ギ、うたが-う
345;儀;15;"Hito, Ninben, Hitoyane";ギ
346;戯;15;"Hokogamae, Hokozukuri";ギ、たわむ-れる
347;擬;17;Tehen;ギ
348;犠;17;"Ushi, Ushihen";ギ
349;議;20;"Gon, Gonben";ギ
350;菊;11;Kusakanmuri;キク
351;吉;6;"Kuchi, Kuchihen";キチ、キツ
352;喫;12;"Kuchi, Kuchihen";キツ
353;詰;13;"Gon, Gonben";キツ、つ-める、つ-まる、つ-む
354;却;7;"Fushizukuri, Warifu";キャク
355;客;9;Ukanmuri;キャク、カク
356;脚;11;"Niku, Nikuzuki";キャク、[キャ]、あし
357;逆;9;Shinnyoo;ギャク、さか、さか-らう
358;虐;9;Toragashira;ギャク、しいた-げる
359;九;2;"Otsu, Otsunyoo";キュウ、ク、ここの、ここの-つ
360;久;3;No;キュウ、[ク]、ひさ-しい
361;及;3;No;キュウ、およ-ぶ、およ-び、およ-ぼす
362;弓;3;"Yumi, Yumihen";キュウ、ゆみ
363;丘;5;Ichi;キュウ、おか
364;旧;5;"Nichi, Nichihen";キュウ
365;休;6;"Hito, Ninben, Hitoyane";キュウ、やす-む、やす-まる、やす-める
366;吸;6;"Kuchi, Kuchihen";キュウ、す-う
367;朽;6;"Ki, Kihen";キュウ、く-ちる
368;臼;6;Usu;キュウ、うす
369;求;7;"Mizu, Sanzui, Shitamizu";キュウ、もと-める
370;究;7;"Ana, Anakanmuri";キュウ、きわ-める
371;泣;8;"Mizu, Sanzui, Shitamizu";キュウ、な-く
372;急;9;"Kokoro, Risshinben, Shitagokoro";キュウ、いそ-ぐ
373;級;9;"Ito, Itohen";キュウ
374;糾;9;"Ito, Itohen";キュウ
375;宮;10;Ukanmuri;キュウ、グウ、[ク]、みや
376;救;11;Nobun;キュウ、すく-う
377;球;11;"Tama, Oo";キュウ、たま
378;給;12;"Ito, Itohen";キュウ
379;嗅;13;"Kuchi, Kuchihen";キュウ、か-ぐ
380;窮;15;"Ana, Anakanmuri";キュウ、きわ-める、きわ-まる
381;牛;4;"Ushi, Ushihen";ギュウ、うし
382;去;5;Mu;キョ、コ、さ-る
383;巨;5;Hakogamae;キョ
384;居;8;Shikabane;キョ、い-る
385;拒;8;Tehen;キョ、こば-む
386;拠;8;Tehen;キョ、コ
387;挙;10;Te;キョ、あ-げる、あ-がる
388;虚;11;Toragashira;キョ、[コ]
389;許;11;"Gon, Gonben";キョ、ゆる-す
390;距;12;"Ashi, Ashihen";キョ
391;魚;11;"Uo, Uohen";ギョ、うお、さかな
392;御;12;Gyooninben;ギョ、ゴ、おん
393;漁;14;"Mizu, Sanzui, Shitamizu";ギョ、リョウ
394;凶;4;Ukebako;キョウ
395;共;6;Hachi;キョウ、とも
396;叫;6;"Kuchi, Kuchihen";キョウ、さけ-ぶ
397;狂;7;"Inu, Kemonohen";キョウ、くる-う、くる-おしい
398;京;8;Nabebuta;キョウ、ケイ
399;享;8;Nabebuta;キョウ
400;供;8;"Hito, Ninben, Hitoyane";キョウ、[ク]、そな-える、とも
401;協;8;Juu;キョウ
402;況;8;"Mizu, Sanzui, Shitamizu";キョウ
403;峡;9;"Yama, Yamahen";キョウ
404;挟;9;Tehen;キョウ、はさ-む、はさ-まる
405;狭;9;"Inu, Kemonohen";キョウ、せま-い、せば-める、せば-まる
406;恐;10;"Kokoro, Risshinben, Shitagokoro";キョウ、おそ-れる、おそ-ろしい
407;恭;10;"Kokoro, Risshinben, Shitagokoro";キョウ、うやうや-しい
408;胸;10;"Niku, Nikuzuki";キョウ、むね、[むな]
409;脅;10;"Niku, Nikuzuki";キョウ、おびや-かす、おど-す、おど-かす
410;強;11;"Yumi, Yumihen";キョウ、ゴウ、つよ-い、つよ-まる、つよ-める、し-いる
411;教;11;Nobun;キョウ、おし-える、おそ-わる
412;郷;11;Oozato;キョウ、ゴウ
413;境;14;"Tsuchi, Tsuchihen";キョウ、[ケイ]、さかい
414;橋;16;"Ki, Kihen";キョウ、はし
415;矯;17;"Ya, Yahen";キョウ、た-める
416;鏡;19;"Kane, Kanehen";キョウ、かがみ
417;競;20;Tatsu;キョウ、ケイ、きそ-う、せ-る
418;響;20;Oto;キョウ、ひび-く
419;驚;22;"Uma, Umahen";キョウ、おどろ-く、おどろ-かす
420;仰;6;"Hito, Ninben, Hitoyane";ギョウ、[コウ]、あお-ぐ、おお-せ
421;暁;12;"Nichi, Nichihen";ギョウ、あかつき
422;業;13;"Ki, Kihen";ギョウ、ゴウ、わざ
423;凝;16;Nisui;ギョウ、こ-る、こ-らす
424;曲;6;Hirabi;キョク、ま-がる、ま-げる
425;局;7;Shikabane;キョク
426;極;12;"Ki, Kihen";キョク、ゴク、きわ-める、きわ-まる、きわ-み
427;玉;5;"Tama, Oo";ギョク、たま
428;巾;3;"Haba, Kinben";キン
429;斤;4;"Kin, Onozukuri";キン
430;均;7;"Tsuchi, Tsuchihen";キン
431;近;7;Shinnyoo;キン、ちか-い
432;金;8;"Kane, Kanehen";キン、コン、かね、[かな]
433;菌;11;Kusakanmuri;キン
434;勤;12;Chikara;キン、[ゴン]、つと-める、つと-まる
435;琴;12;"Tama, Oo";キン、こと
436;筋;12;"Take, Takekanmuri";キン、すじ
437;僅;13;"Hito, Ninben, Hitoyane";キン、わず-か
438;禁;13;"Shimesu, Shimesuhen";キン
439;緊;15;"Ito, Itohen";キン
440;錦;16;"Kane, Kanehen";キン、にしき
441;謹;17;"Gon, Gonben";キン、つつし-む
442;襟;18;"Koromo, Koromohen";キン、えり
443;吟;7;"Kuchi, Kuchihen";ギン
444;銀;14;"Kane, Kanehen";ギン
445;区;4;Kakushigamae;ク
446;句;5;"Kuchi, Kuchihen";ク
447;苦;8;Kusakanmuri;ク、くる-しい、くる-しむ、くる-しめる、にが-い、にが-る
448;駆;14;"Uma, Umahen";ク、か-ける、か-る
449;具;8;Hachi;グ
450;惧;11;"Kokoro, Risshinben, Shitagokoro";グ
451;愚;13;"Kokoro, Risshinben, Shitagokoro";グ、おろ-か
452;空;8;"Ana, Anakanmuri";クウ、そら、あ-く、あ-ける、から
453;偶;11;"Hito, Ninben, Hitoyane";グウ
454;遇;12;Shinnyoo;グウ
455;隅;12;Kozatohen;グウ、すみ
456;串;7;"Bou, Tatebou";くし
457;屈;8;Shikabane;クツ
458;掘;11;Tehen;クツ、ほ-る
459;窟;13;"Ana, Anakanmuri";クツ
460;熊;14;"Hi, Hihen, Renga";くま
461;繰;19;"Ito, Itohen";く-る
462;君;7;"Kuchi, Kuchihen";クン、きみ
463;訓;10;"Gon, Gonben";クン
464;勲;15;Chikara;クン
465;薫;16;Kusakanmuri;クン、かお-る
466;軍;9;"Kuruma, Kurumahen";グン
467;郡;10;Oozato;グン
468;群;13;Hitsuji;グン、む-れる、む-れ、[むら]
469;兄;5;Hitoashi;ケイ、[キョウ]、あに
470;刑;6;"Katana, Rittoo";ケイ
471;形;7;Sanzukuri;ケイ、ギョウ、かた、かたち
472;系;7;"Ito, Itohen";ケイ
473;径;8;Gyooninben;ケイ
474;茎;8;Kusakanmuri;ケイ、くき
475;係;9;"Hito, Ninben, Hitoyane";ケイ、かか-る、かかり
476;型;9;"Tsuchi, Tsuchihen";ケイ、かた
477;契;9;Dai;ケイ、ちぎ-る
478;計;9;"Gon, Gonben";ケイ、はか-る、はか-らう
479;恵;10;"Kokoro, Risshinben, Shitagokoro";ケイ、エ、めぐ-む
480;啓;11;"Kuchi, Kuchihen";ケイ
481;掲;11;Tehen;ケイ、かか-げる
482;渓;11;"Mizu, Sanzui, Shitamizu";ケイ
483;経;11;"Ito, Itohen";ケイ、キョウ、へ-る
484;蛍;11;"Mushi, Mushihen";ケイ、ほたる
485;敬;12;Nobun;ケイ、うやま-う
486;景;12;"Nichi, Nichihen";ケイ
487;軽;12;"Kuruma, Kurumahen";ケイ、かる-い、かろ-やか
488;傾;13;"Hito, Ninben, Hitoyane";ケイ、かたむ-く、かたむ-ける
489;携;13;Tehen;ケイ、たずさ-える、たずさ-わる
490;継;13;"Ito, Itohen";ケイ、つ-ぐ
491;詣;13;"Gon, Gonben";ケイ、もう-でる
492;慶;15;"Kokoro, Risshinben, Shitagokoro";ケイ
493;憬;15;"Kokoro, Risshinben, Shitagokoro";ケイ
494;稽;15;"Nogi, Nogihen";ケイ
495;憩;16;"Kokoro, Risshinben, Shitagokoro";ケイ、いこ-い、いこ-う
496;警;19;"Gon, Gonben";ケイ
497;鶏;19;Tori;ケイ、にわとり
498;芸;7;Kusakanmuri;ゲイ
499;迎;7;Shinnyoo;ゲイ、むか-える
500;鯨;19;"Uo, Uohen";ゲイ、くじら
501;隙;13;Kozatohen;ゲキ、すき
502;劇;15;"Katana, Rittoo";ゲキ
503;撃;15;Te;ゲキ、う-つ
504;激;16;"Mizu, Sanzui, Shitamizu";ゲキ、はげ-しい
505;桁;10;"Ki, Kihen";けた
506;欠;4;Akubi;ケツ、か-ける、か-く
507;穴;5;"Ana, Anakanmuri";ケツ、あな
508;血;6;Chi;ケツ、ち
509;決;7;"Mizu, Sanzui, Shitamizu";ケツ、き-める、き-まる
510;結;12;"Ito, Itohen";ケツ、むす-ぶ、ゆ-う、ゆ-わえる
511;傑;13;"Hito, Ninben, Hitoyane";ケツ
512;潔;15;"Mizu, Sanzui, Shitamizu";ケツ、いさぎよ-い
513;月;4;"Tsuki, Tsukihen";ゲツ、ガツ、つき
514;犬;4;"Inu, Kemonohen";ケン、いぬ
515;件;6;"Hito, Ninben, Hitoyane";ケン
516;見;7;Miru;ケン、み-る、み-える、み-せる
517;券;8;"Katana, Rittoo";ケン
518;肩;8;"Niku, Nikuzuki";ケン、かた
519;建;9;Ennyoo;ケン、[コン]、た-てる、た-つ
520;研;9;"Ishi, Ishihen";ケン、と-ぐ
521;県;9;"Me, Mehen";ケン
522;倹;10;"Hito, Ninben, Hitoyane";ケン
523;兼;10;Hachi;ケン、か-ねる
524;剣;10;"Katana, Rittoo";ケン、つるぎ
525;拳;10;Tehen;ケン、こぶし
526;軒;10;"Kuruma, Kurumahen";ケン、のき
527;健;11;"Hito, Ninben, Hitoyane";ケン、すこ-やか
528;険;11;Kozatohen;ケン、けわ-しい
529;圏;12;Kunigamae;ケン
530;堅;12;"Tsuchi, Tsuchihen";ケン、かた-い
531;検;12;"Ki, Kihen";ケン
532;嫌;13;"Onna, Onnahen";ケン、[ゲン]、きら-う、いや
533;献;13;"Inu, Kemonohen";ケン、[コン]
534;絹;13;"Ito, Itohen";ケン、きぬ
535;遣;13;Shinnyoo;ケン、つか-う、つか-わす
536;権;15;"Ki, Kihen";ケン、[ゴン]
537;憲;16;"Kokoro, Risshinben, Shitagokoro";ケン
538;賢;16;"Kai, Kaihen";ケン、かしこ-い
539;謙;17;"Gon, Gonben";ケン
540;鍵;17;"Kane, Kanehen";ケン、かぎ
541;繭;18;"Ito, Itohen";ケン、まゆ
542;顕;18;Oogai;ケン
543;験;18;"Uma, Umahen";ケン、[ゲン]
544;懸;20;"Kokoro, Risshinben, Shitagokoro";ケン、[ケ]、か-ける、か-かる
545;元;4;Hitoashi;ゲン、ガン、もと
546;幻;4;Itogashira;ゲン、まぼろし
547;玄;5;Gen;ゲン
548;言;7;"Gon, Gonben";ゲン、ゴン、い-う、こと
549;弦;8;"Yumi, Yumihen";ゲン、つる
550;限;9;Kozatohen;ゲン、かぎ-る
551;原;10;Gandare;ゲン、はら
552;現;11;"Tama, Oo";ゲン、あらわ-れる、あらわ-す
553;舷;11;"Fune, Funehen";ゲン
554;減;12;"Mizu, Sanzui, Shitamizu";ゲン、へ-る、へ-らす
555;源;13;"Mizu, Sanzui, Shitamizu";ゲン、みなもと
556;厳;17;Tsukanmuri;ゲン、[ゴン]、おごそ-か、きび-しい
557;己;3;Onore;コ、キ、おのれ
558;戸;4;"To, Tokanmuri";コ、と
559;古;5;"Kuchi, Kuchihen";コ、ふる-い、ふる-す
560;呼;8;"Kuchi, Kuchihen";コ、よ-ぶ
561;固;8;Kunigamae;コ、かた-める、かた-まる、かた-い
562;股;8;"Niku, Nikuzuki";コ、また
563;虎;8;Toragashira;コ、とら
564;孤;9;"Ko, Kohen";コ
565;弧;9;"Yumi, Yumihen";コ
566;故;9;Nobun;コ、ゆえ
567;枯;9;"Ki, Kihen";コ、か-れる、か-らす
568;個;10;"Hito, Ninben, Hitoyane";コ
569;庫;10;Madare;コ、[ク]
570;湖;12;"Mizu, Sanzui, Shitamizu";コ、みずうみ
571;雇;12;Furutori;コ、やと-う
572;誇;13;"Gon, Gonben";コ、ほこ-る
573;鼓;13;Tsuzumi;コ、つづみ
574;錮;16;"Kane, Kanehen";コ
575;顧;21;Oogai;コ、かえり-みる
576;五;4;Ni;ゴ、いつ、いつ-つ
577;互;4;Ni;ゴ、たが-い
578;午;4;Juu;ゴ
579;呉;7;"Kuchi, Kuchihen";ゴ
580;後;9;Gyooninben;ゴ、コウ、のち、うし-ろ、あと、おく-れる
581;娯;10;"Onna, Onnahen";ゴ
582;悟;10;"Kokoro, Risshinben, Shitagokoro";ゴ、さと-る
583;碁;13;"Ishi, Ishihen";ゴ
584;語;14;"Gon, Gonben";ゴ、かた-る、かた-らう
585;誤;14;"Gon, Gonben";ゴ、あやま-る
586;護;20;"Gon, Gonben";ゴ
587;口;3;"Kuchi, Kuchihen";コウ、ク、くち
588;工;3;"E, Takumihen";コウ、ク
589;公;4;Hachi;コウ、おおやけ
590;勾;4;Tsutsumigamae;コウ
591;孔;4;"Ko, Kohen";コウ
592;功;5;Chikara;コウ、[ク]
593;巧;5;"E, Takumihen";コウ、たく-み
594;広;5;Madare;コウ、ひろ-い、ひろ-まる、ひろ-める、ひろ-がる、ひろ-げる
595;甲;5;"Ta, Tahen";コウ、カン
596;交;6;Nabebuta;コウ、まじ-わる、まじ-える、ま-じる、ま-ざる、ま-ぜる、か-う、か-わす
597;光;6;Hitoashi;コウ、ひか-る、ひかり
598;向;6;"Kuchi, Kuchihen";コウ、む-く、む-ける、む-かう、む-こう
599;后;6;"Kuchi, Kuchihen";コウ
600;好;6;"Onna, Onnahen";コウ、この-む、す-く
601;江;6;"Mizu, Sanzui, Shitamizu";コウ、え
602;考;6;Oikanmuri;コウ、かんが-える
603;行;6;Gyoogamae;コウ、ギョウ、[アン]、い-く、ゆ-く、おこな-う
604;坑;7;"Tsuchi, Tsuchihen";コウ
605;孝;7;"Ko, Kohen";コウ
606;抗;7;Tehen;コウ
607;攻;7;Nobun;コウ、せ-める
608;更;7;Hirabi;コウ、さら、ふ-ける、ふ-かす
609;効;8;Chikara;コウ、き-く
610;幸;8;Ichijuu;コウ、さいわ-い、さち、しあわ-せ
611;拘;8;Tehen;コウ
612;肯;8;"Niku, Nikuzuki";コウ
613;侯;9;"Hito, Ninben, Hitoyane";コウ
614;厚;9;Gandare;コウ、あつ-い
615;恒;9;"Kokoro, Risshinben, Shitagokoro";コウ
616;洪;9;"Mizu, Sanzui, Shitamizu";コウ
617;皇;9;Shiro;コウ、オウ
618;紅;9;"Ito, Itohen";コウ、[ク]、べに、くれない
619;荒;9;Kusakanmuri;コウ、あら-い、あ-れる、あ-らす
620;郊;9;Oozato;コウ
621;香;9;Kaori;コウ、[キョウ]、か、かお-り、かお-る
622;候;10;"Hito, Ninben, Hitoyane";コウ、そうろう
623;校;10;"Ki, Kihen";コウ
624;耕;10;Sukihen;コウ、たがや-す
625;航;10;"Fune, Funehen";コウ
626;貢;10;"Kai, Kaihen";コウ、[ク]、みつ-ぐ
627;降;10;Kozatohen;コウ、お-りる、お-ろす、ふ-る
628;高;10;Takai;コウ、たか-い、たか、たか-まる、たか-める
629;康;11;Madare;コウ
630;控;11;Tehen;コウ、ひか-える
631;梗;11;"Ki, Kihen";コウ
632;黄;11;"Ki, Kiiro";コウ、オウ、き、[こ]
633;喉;12;"Kuchi, Kuchihen";コウ、のど
634;慌;12;"Kokoro, Risshinben, Shitagokoro";コウ、あわ-てる、あわ-ただしい
635;港;12;"Mizu, Sanzui, Shitamizu";コウ、みなと
636;硬;12;"Ishi, Ishihen";コウ、かた-い
637;絞;12;"Ito, Itohen";コウ、しぼ-る、し-める、し-まる
638;項;12;Oogai;コウ
639;溝;13;"Mizu, Sanzui, Shitamizu";コウ、みぞ
640;鉱;13;"Kane, Kanehen";コウ
641;構;14;"Ki, Kihen";コウ、かま-える、かま-う
642;綱;14;"Ito, Itohen";コウ、つな
643;酵;14;"Tori, Torihen";コウ
644;稿;15;"Nogi, Nogihen";コウ
645;興;16;Usu;コウ、キョウ、おこ-る、おこ-す
646;衡;16;Gyoogamae;コウ
647;鋼;16;"Kane, Kanehen";コウ、はがね
648;講;17;"Gon, Gonben";コウ
649;購;17;"Kai, Kaihen";コウ
650;乞;3;"Otsu, Otsunyoo";こ-う
651;号;5;"Kuchi, Kuchihen";ゴウ
652;合;6;"Kuchi, Kuchihen";ゴウ、ガッ、[カッ]、あ-う、あ-わす、あ-わせる
653;拷;9;Tehen;ゴウ
654;剛;10;"Katana, Rittoo";ゴウ
655;傲;13;"Hito, Ninben, Hitoyane";ゴウ
656;豪;14;Inoko;ゴウ
657;克;7;Hitoashi;コク
658;告;7;"Kuchi, Kuchihen";コク、つ-げる
659;谷;7;Tani;コク、たに
660;刻;8;"Katana, Rittoo";コク、きざ-む
661;国;8;Kunigamae;コク、くに
662;黒;11;Kuro;コク、くろ、くろ-い
663;穀;14;"Nogi, Nogihen";コク
664;酷;14;"Tori, Torihen";コク
665;獄;14;"Inu, Kemonohen";ゴク
666;骨;10;"Hone, Honehen";コツ、ほね
667;駒;15;"Uma, Umahen";こま
668;込;5;Shinnyoo;こ-む、こ-める
669;頃;11;Oogai;ころ
670;今;4;"Hito, Ninben, Hitoyane";コン、キン、いま
671;困;7;Kunigamae;コン、こま-る
672;昆;8;"Nichi, Nichihen";コン
673;恨;9;"Kokoro, Risshinben, Shitagokoro";コン、うら-む、うら-めしい
674;根;10;"Ki, Kihen";コン、ね
675;婚;11;"Onna, Onnahen";コン
676;混;11;"Mizu, Sanzui, Shitamizu";コン、ま-じる、ま-ざる、ま-ぜる、こ-む
677;痕;11;Yamaidare;コン、あと
678;紺;11;"Ito, Itohen";コン
679;魂;14;"Oni, Kinyoo";コン、たましい
680;墾;16;"Tsuchi, Tsuchihen";コン
681;懇;17;"Kokoro, Risshinben, Shitagokoro";コン、ねんご-ろ
682;左;5;"E, Takumihen";サ、ひだり
683;佐;7;"Hito, Ninben, Hitoyane";サ
684;沙;7;"Mizu, Sanzui, Shitamizu";サ
685;査;9;"Ki, Kihen";サ
686;砂;9;"Ishi, Ishihen";サ、シャ、すな
687;唆;10;"Kuchi, Kuchihen";サ、そそのか-す
688;差;10;"E, Takumihen";サ、さ-す
689;詐;12;"Gon, Gonben";サ
690;鎖;18;"Kane, Kanehen";サ、くさり
691;座;10;Madare;ザ、すわ-る
692;挫;10;Tehen;ザ
693;才;3;Tehen;サイ
694;再;6;Doogamae;サイ、[サ]、ふたた-び
695;災;7;"Hi, Hihen, Renga";サイ、わざわ-い
696;妻;8;"Onna, Onnahen";サイ、つま
697;采;8;Nogome;サイ
698;砕;9;"Ishi, Ishihen";サイ、くだ-く、くだ-ける
699;宰;10;Ukanmuri;サイ
700;栽;10;"Ki, Kihen";サイ
701;彩;11;Sanzukuri;サイ、いろど-る
702;採;11;Tehen;サイ、と-る
703;済;11;"Mizu, Sanzui, Shitamizu";サイ、す-む、す-ます
704;祭;11;"Shimesu, Shimesuhen";サイ、まつ-る、まつ-り
705;斎;11;Sei;サイ
706;細;11;"Ito, Itohen";サイ、ほそ-い、ほそ-る、こま-か、こま-かい
707;菜;11;Kusakanmuri;サイ、な
708;最;12;Hirabi;サイ、もっと-も
709;裁;12;"Koromo, Koromohen";サイ、た-つ、さば-く
710;債;13;"Hito, Ninben, Hitoyane";サイ
711;催;13;"Hito, Ninben, Hitoyane";サイ、もよお-す
712;塞;13;"Tsuchi, Tsuchihen";サイ、ソク、ふさ-ぐ、ふさ-がる
713;歳;13;Tomeru;サイ、[セイ]
714;載;13;"Kuruma, Kurumahen";サイ、の-せる、の-る
715;際;14;Kozatohen;サイ、きわ
716;埼;11;"Tsuchi, Tsuchihen";[さい]
717;在;6;"Tsuchi, Tsuchihen";ザイ、あ-る
718;材;7;"Ki, Kihen";ザイ
719;剤;10;"Katana, Rittoo";ザイ
720;財;10;"Kai, Kaihen";ザイ、[サイ]
721;罪;13;Amigashira;ザイ、つみ
722;崎;11;"Yama, Yamahen";さき
723;作;7;"Hito, Ninben, Hitoyane";サク、サ、つく-る
724;削;9;"Katana, Rittoo";サク、けず-る
725;昨;9;"Nichi, Nichihen";サク
726;柵;9;"Ki, Kihen";サク
727;索;10;"Ito, Itohen";サク
728;策;12;"Take, Takekanmuri";サク
729;酢;12;"Tori, Torihen";サク、す
730;搾;13;Tehen;サク、しぼ-る
731;錯;16;"Kane, Kanehen";サク
732;咲;9;"Kuchi, Kuchihen";さ-く
733;冊;5;Doogamae;サツ、サク
734;札;5;"Ki, Kihen";サツ、ふだ
735;刷;8;"Katana, Rittoo";サツ、す-る
736;刹;8;"Katana, Rittoo";サツ、セツ
737;拶;9;Tehen;サツ
738;殺;10;Rumata;サツ、[サイ]、[セツ]、ころ-す
739;察;14;Ukanmuri;サツ
740;撮;15;Tehen;サツ、と-る
741;擦;17;Tehen;サツ、す-る、す-れる
742;雑;14;Furutori;ザツ、ゾウ
743;皿;5;Sara;さら
744;三;3;Ichi;サン、み、み-つ、みっ-つ
745;山;3;"Yama, Yamahen";サン、やま
746;参;8;Mu;サン、まい-る
747;桟;10;"Ki, Kihen";サン
748;蚕;10;"Mushi, Mushihen";サン、かいこ
749;惨;11;"Kokoro, Risshinben, Shitagokoro";サン、ザン、みじ-め
750;産;11;Umareru;サン、う-む、う-まれる、うぶ
751;傘;12;"Hito, Ninben, Hitoyane";サン、かさ
752;散;12;Nobun;サン、ち-る、ち-らす、ち-らかす、ち-らかる
753;算;14;"Take, Takekanmuri";サン
754;酸;14;"Tori, Torihen";サン、す-い
755;賛;15;"Kai, Kaihen";サン
756;残;10;Kabanehen;ザン、のこ-る、のこ-す
757;斬;11;"Kin, Onozukuri";ザン、き-る
758;暫;15;"Nichi, Nichihen";ザン
759;士;3;Samurai;シ
760;子;3;"Ko, Kohen";シ、ス、こ
761;支;4;Shi;シ、ささ-える
762;止;4;Tomeru;シ、と-まる、と-める
763;氏;4;Uji;シ、うじ
764;仕;5;"Hito, Ninben, Hitoyane";シ、[ジ]、つか-える
765;史;5;"Kuchi, Kuchihen";シ
766;司;5;"Kuchi, Kuchihen";シ
767;四;5;Kunigamae;シ、よ、よ-つ、よっ-つ、よん
768;市;5;"Haba, Kinben";シ、いち
769;矢;5;"Ya, Yahen";シ、や
770;旨;6;"Nichi, Nichihen";シ、むね
771;死;6;Kabanehen;シ、し-ぬ
772;糸;6;"Ito, Itohen";シ、いと
773;至;6;Itaru;シ、いた-る
774;伺;7;"Hito, Ninben, Hitoyane";シ、うかが-う
775;志;7;"Kokoro, Risshinben, Shitagokoro";シ、こころざ-す、こころざし
776;私;7;"Nogi, Nogihen";シ、わたくし、わたし
777;使;8;"Hito, Ninben, Hitoyane";シ、つか-う
778;刺;8;"Katana, Rittoo";シ、さ-す、さ-さる
779;始;8;"Onna, Onnahen";シ、はじ-める、はじ-まる
780;姉;8;"Onna, Onnahen";シ、あね
781;枝;8;"Ki, Kihen";シ、えだ
782;祉;8;"Shimesu, Shimesuhen";シ
783;肢;8;"Niku, Nikuzuki";シ
784;姿;9;"Onna, Onnahen";シ、すがた
785;思;9;"Kokoro, Risshinben, Shitagokoro";シ、おも-う
786;指;9;Tehen;シ、ゆび、さ-す
787;施;9;"Hoo, Hoohen";シ、セ、ほどこ-す
788;師;10;"Haba, Kinben";シ
789;恣;10;"Kokoro, Risshinben, Shitagokoro";シ
790;紙;10;"Ito, Itohen";シ、かみ
791;脂;10;"Niku, Nikuzuki";シ、あぶら
792;視;11;Miru;シ
793;紫;12;"Ito, Itohen";シ、むらさき
794;詞;12;"Gon, Gonben";シ
795;歯;12;"Ha, Hahen";シ、は
796;嗣;13;"Kuchi, Kuchihen";シ
797;試;13;"Gon, Gonben";シ、こころ-みる、ため-す
798;詩;13;"Gon, Gonben";シ
799;資;13;"Kai, Kaihen";シ
800;飼;13;"Shoku, Shokuhen";シ、か-う
801;誌;14;"Gon, Gonben";シ
802;雌;14;Furutori;シ、め、めす
803;摯;15;Tehen;シ
804;賜;15;"Kai, Kaihen";シ、たまわ-る
805;諮;16;"Gon, Gonben";シ、はか-る
806;示;5;"Shimesu, Shimesuhen";ジ、シ、しめ-す
807;字;6;"Ko, Kohen";ジ、あざ
808;寺;6;Sun;ジ、てら
809;次;6;Akubi;ジ、シ、つ-ぐ、つぎ
810;耳;6;"Mimi, Mimihen";ジ、みみ
811;自;6;Mizukara;ジ、シ、みずか-ら
812;似;7;"Hito, Ninben, Hitoyane";ジ、に-る
813;児;7;Hitoashi;ジ、[ニ]
814;事;8;Haneboo;ジ、[ズ]、こと
815;侍;8;"Hito, Ninben, Hitoyane";ジ、さむらい
816;治;8;"Mizu, Sanzui, Shitamizu";ジ、チ、おさ-める、おさ-まる、なお-る、なお-す
817;持;9;Tehen;ジ、も-つ
818;時;10;"Nichi, Nichihen";ジ、とき
819;滋;12;"Mizu, Sanzui, Shitamizu";ジ
820;慈;13;"Kokoro, Risshinben, Shitagokoro";ジ、いつく-しむ
821;辞;13;Karai;ジ、や-める
822;磁;14;"Ishi, Ishihen";ジ
823;餌;15;"Shoku, Shokuhen";ジ、えさ、え
824;璽;19;"Tama, Oo";ジ
825;鹿;11;Shika;しか、[か]
826;式;6;Shikigamae;シキ
827;識;19;"Gon, Gonben";シキ
828;軸;12;"Kuruma, Kurumahen";ジク
829;七;2;Ichi;シチ、なな、なな-つ、[なの]
830;叱;5;"Kuchi, Kuchihen";シツ、しか-る
831;失;5;Dai;シツ、うしな-う
832;室;9;Ukanmuri;シツ、むろ
833;疾;10;Yamaidare;シツ
834;執;11;"Tsuchi, Tsuchihen";シツ、シュウ、と-る
835;湿;12;"Mizu, Sanzui, Shitamizu";シツ、しめ-る、しめ-す
836;嫉;13;"Onna, Onnahen";シツ
837;漆;14;"Mizu, Sanzui, Shitamizu";シツ、うるし
838;質;15;"Kai, Kaihen";シツ、シチ、[チ]
839;実;8;Ukanmuri;ジツ、み、みの-る
840;芝;6;Kusakanmuri;しば
841;写;5;Wakanmuri;シャ、うつ-す、うつ-る
842;社;7;"Shimesu, Shimesuhen";シャ、やしろ
843;車;7;"Kuruma, Kurumahen";シャ、くるま
844;舎;8;"Hito, Ninben, Hitoyane";シャ
845;者;8;Oikanmuri;シャ、もの
846;射;10;Sun;シャ、い-る
847;捨;11;Tehen;シャ、す-てる
848;赦;11;Aka;シャ
849;斜;11;Tomasu;シャ、なな-め
850;煮;12;"Hi, Hihen, Renga";シャ、に-る、に-える、に-やす
851;遮;14;Shinnyoo;シャ、さえぎ-る
852;謝;17;"Gon, Gonben";シャ、あやま-る
853;邪;8;Oozato;ジャ
854;蛇;11;"Mushi, Mushihen";ジャ、ダ、へび
855;尺;4;Shikabane;シャク
856;借;10;"Hito, Ninben, Hitoyane";シャク、か-りる
857;酌;10;"Tori, Torihen";シャク、く-む
858;釈;11;Nogome;シャク
859;爵;17;Tsumekanmuri;シャク
860;若;8;Kusakanmuri;ジャク、[ニャク]、わか-い、も-しくは
861;弱;10;"Yumi, Yumihen";ジャク、よわ-い、よわ-る、よわ-まる、よわ-める
862;寂;11;Ukanmuri;ジャク、[セキ]、さび、さび-しい、さび-れる
863;手;4;Te;シュ、て、[た]
864;主;5;Ten;シュ、[ス]、ぬし、おも
865;守;6;Ukanmuri;シュ、[ス]、まも-る、も-り
866;朱;6;"Ki, Kihen";シュ
867;取;8;Mata;シュ、と-る
868;狩;9;"Inu, Kemonohen";シュ、か-る、か-り
869;首;9;Kubi;シュ、くび
870;殊;10;Kabanehen;シュ、こと
871;珠;10;"Tama, Oo";シュ
872;酒;10;"Tori, Torihen";シュ、さけ、[さか]
873;腫;13;"Niku, Nikuzuki";シュ、は-れる、は-らす
874;種;14;"Nogi, Nogihen";シュ、たね
875;趣;15;"Hashiru, Soonyoo";シュ、おもむき
876;寿;7;Sun;ジュ、ことぶき
877;受;8;Mata;ジュ、う-ける、う-かる
878;呪;8;"Kuchi, Kuchihen";ジュ、のろ-う
879;授;11;Tehen;ジュ、さず-ける、さず-かる
880;需;14;"Ame, Amekanmuri";ジュ
881;儒;16;"Hito, Ninben, Hitoyane";ジュ
882;樹;16;"Ki, Kihen";ジュ
883;収;4;Mata;シュウ、おさ-める、おさ-まる
884;囚;5;Kunigamae;シュウ
885;州;6;Magarigawa;シュウ、す
886;舟;6;"Fune, Funehen";シュウ、ふね、[ふな]
887;秀;7;"Nogi, Nogihen";シュウ、ひい-でる
888;周;8;"Kuchi, Kuchihen";シュウ、まわ-り
889;宗;8;Ukanmuri;シュウ、ソウ
890;拾;9;Tehen;シュウ、ジュウ、ひろ-う
891;秋;9;"Nogi, Nogihen";シュウ、あき
892;臭;9;Mizukara;シュウ、くさ-い、にお-う
893;修;10;"Hito, Ninben, Hitoyane";シュウ、[シュ]、おさ-める、おさ-まる
894;袖;10;"Koromo, Koromohen";シュウ、そで
895;終;11;"Ito, Itohen";シュウ、お-わる、お-える
896;羞;11;Hitsuji;シュウ
897;習;11;Hane;シュウ、なら-う
898;週;11;Shinnyoo;シュウ
899;就;12;Dainomageashi;シュウ、[ジュ]、つ-く、つ-ける
900;衆;12;Chi;シュウ、[シュ]
901;集;12;Furutori;シュウ、あつ-まる、あつ-める、つど-う
902;愁;13;"Kokoro, Risshinben, Shitagokoro";シュウ、うれ-える、うれ-い
903;酬;13;"Tori, Torihen";シュウ
904;醜;17;"Tori, Torihen";シュウ、みにく-い
905;蹴;19;"Ashi, Ashihen";シュウ、け-る
906;襲;22;"Koromo, Koromohen";シュウ、おそ-う
907;十;2;Juu;ジュウ、ジッ、とお、と
908;汁;5;"Mizu, Sanzui, Shitamizu";ジュウ、しる
909;充;6;Hitoashi;ジュウ、あ-てる
910;住;7;"Hito, Ninben, Hitoyane";ジュウ、す-む、す-まう
911;柔;9;"Ki, Kihen";ジュウ、ニュウ、やわ-らか、やわ-らかい
912;重;9;"Sato, Satohen";ジュウ、チョウ、え、おも-い、かさ-ねる、かさ-なる
913;従;10;Gyooninben;ジュウ、[ショウ]、[ジュ]、したが-う、したが-える
914;渋;11;"Mizu, Sanzui, Shitamizu";ジュウ、しぶ、しぶ-い、しぶ-る
915;銃;14;"Kane, Kanehen";ジュウ
916;獣;16;"Inu, Kemonohen";ジュウ、けもの
917;縦;16;"Ito, Itohen";ジュウ、たて
918;叔;8;Mata;シュク
919;祝;9;"Shimesu, Shimesuhen";シュク、[シュウ]、いわ-う
920;宿;11;Ukanmuri;シュク、やど、やど-る、やど-す
921;淑;11;"Mizu, Sanzui, Shitamizu";シュク
922;粛;11;Fudezukuri;シュク
923;縮;17;"Ito, Itohen";シュク、ちぢ-む、ちぢ-まる、ちぢ-める、ちぢ-れる、ちぢ-らす
924;塾;14;"Tsuchi, Tsuchihen";ジュク
925;熟;15;"Hi, Hihen, Renga";ジュク、う-れる
926;出;5;Ukebako;シュツ、[スイ]、で-る、だ-す
927;述;8;Shinnyoo;ジュツ、の-べる
928;術;11;Gyoogamae;ジュツ
929;俊;9;"Hito, Ninben, Hitoyane";シュン
930;春;9;"Nichi, Nichihen";シュン、はる
931;瞬;18;"Me, Mehen";シュン、またた-く
932;旬;6;"Nichi, Nichihen";ジュン、[シュン]
933;巡;6;Magarigawa;ジュン、めぐ-る
934;盾;9;"Me, Mehen";ジュン、たて
935;准;10;Nisui;ジュン
936;殉;10;Kabanehen;ジュン
937;純;10;"Ito, Itohen";ジュン
938;循;12;Gyooninben;ジュン
939;順;12;Oogai;ジュン
940;準;13;"Mizu, Sanzui, Shitamizu";ジュン
941;潤;15;"Mizu, Sanzui, Shitamizu";ジュン、うるお-う、うるお-す、うる-む
942;遵;15;Shinnyoo;ジュン
943;処;5;Suinyoo;ショ
944;初;7;"Katana, Rittoo";ショ、はじ-め、はじ-めて、はつ、うい、そ-める
945;所;8;"To, Tokanmuri";ショ、ところ
946;書;10;Hirabi;ショ、か-く
947;庶;11;Madare;ショ
948;暑;12;"Nichi, Nichihen";ショ、あつ-い
949;署;13;Amigashira;ショ
950;緒;14;"Ito, Itohen";ショ、[チョ]、お
951;諸;15;"Gon, Gonben";ショ
952;女;3;"Onna, Onnahen";ジョ、ニョ、[ニョウ]、おんな、め
953;如;6;"Onna, Onnahen";ジョ、ニョ
954;助;7;Chikara;ジョ、たす-ける、たす-かる、すけ
955;序;7;Madare;ジョ
956;叙;9;Mata;ジョ
957;徐;10;Gyooninben;ジョ
958;除;10;Kozatohen;ジョ、[ジ]、のぞ-く
959;小;3;Shoo;ショウ、ちい-さい、こ、お
960;升;4;Juu;ショウ、ます
961;少;4;Shoo;ショウ、すく-ない、すこ-し
962;召;5;"Kuchi, Kuchihen";ショウ、め-す
963;匠;6;Hakogamae;ショウ
964;床;7;Madare;ショウ、とこ、ゆか
965;抄;7;Tehen;ショウ
966;肖;7;"Niku, Nikuzuki";ショウ
967;尚;8;Shoo;ショウ
968;招;8;Tehen;ショウ、まね-く
969;承;8;Te;ショウ、うけたまわ-る
970;昇;8;"Nichi, Nichihen";ショウ、のぼ-る
971;松;8;"Ki, Kihen";ショウ、まつ
972;沼;8;"Mizu, Sanzui, Shitamizu";ショウ、ぬま
973;昭;9;"Nichi, Nichihen";ショウ
974;宵;10;Ukanmuri;ショウ、よい
975;将;10;Sun;ショウ
976;消;10;"Mizu, Sanzui, Shitamizu";ショウ、き-える、け-す
977;症;10;Yamaidare;ショウ
978;祥;10;"Shimesu, Shimesuhen";ショウ
979;称;10;"Nogi, Nogihen";ショウ
980;笑;10;"Take, Takekanmuri";ショウ、わら-う、え-む
981;唱;11;"Kuchi, Kuchihen";ショウ、とな-える
982;商;11;"Kuchi, Kuchihen";ショウ、あきな-う
983;渉;11;"Mizu, Sanzui, Shitamizu";ショウ
984;章;11;Tatsu;ショウ
985;紹;11;"Ito, Itohen";ショウ
986;訟;11;"Gon, Gonben";ショウ
987;勝;12;Chikara;ショウ、か-つ、まさ-る
988;掌;12;Te;ショウ
989;晶;12;"Nichi, Nichihen";ショウ
990;焼;12;"Hi, Hihen, Renga";ショウ、や-く、や-ける
991;焦;12;"Hi, Hihen, Renga";ショウ、こ-げる、こ-がす、こ-がれる、あせ-る
992;硝;12;"Ishi, Ishihen";ショウ
993;粧;12;"Kome, Komehen";ショウ
994;詔;12;"Gon, Gonben";ショウ、みことのり
995;証;12;"Gon, Gonben";ショウ
996;象;12;Inoko;ショウ、ゾウ
997;傷;13;"Hito, Ninben, Hitoyane";ショウ、きず、いた-む、いた-める
998;奨;13;Dai;ショウ
999;照;13;"Hi, Hihen, Renga";ショウ、て-る、て-らす、て-れる
1000;詳;13;"Gon, Gonben";ショウ、くわ-しい
1001;彰;14;Sanzukuri;ショウ
1002;障;14;Kozatohen;ショウ、さわ-る
1003;憧;15;"Kokoro, Risshinben, Shitagokoro";ショウ、あこが-れる
1004;衝;15;Gyoogamae;ショウ
1005;賞;15;"Kai, Kaihen";ショウ
1006;償;17;"Hito, Ninben, Hitoyane";ショウ、つぐな-う
1007;礁;17;"Ishi, Ishihen";ショウ
1008;鐘;20;"Kane, Kanehen";ショウ、かね
1009;上;3;Ichi;ジョウ、[ショウ]、うえ、[うわ]、かみ、あ-げる、あ-がる、のぼ-る、のぼ-せる、のぼ-す
1010;丈;3;Ichi;ジョウ、たけ
1011;冗;4;Wakanmuri;ジョウ
1012;条;7;"Ki, Kihen";ジョウ
1013;状;7;"Inu, Kemonohen";ジョウ
1014;乗;9;No;ジョウ、の-る、の-せる
1015;城;9;"Tsuchi, Tsuchihen";ジョウ、しろ
1016;浄;9;"Mizu, Sanzui, Shitamizu";ジョウ
1017;剰;11;"Katana, Rittoo";ジョウ
1018;常;11;"Haba, Kinben";ジョウ、つね、とこ
1019;情;11;"Kokoro, Risshinben, Shitagokoro";ジョウ、[セイ]、なさ-け
1020;場;12;"Tsuchi, Tsuchihen";ジョウ、ば
1021;畳;12;"Ta, Tahen";ジョウ、たた-む、たたみ
1022;蒸;13;Kusakanmuri;ジョウ、む-す、む-れる、む-らす
1023;縄;15;"Ito, Itohen";ジョウ、なわ
1024;壌;16;"Tsuchi, Tsuchihen";ジョウ
1025;嬢;16;"Onna, Onnahen";ジョウ
1026;錠;16;"Kane, Kanehen";ジョウ
1027;譲;20;"Gon, Gonben";ジョウ、ゆず-る
1028;醸;20;"Tori, Torihen";ジョウ、かも-す
1029;色;6;Iro;ショク、シキ、いろ
1030;拭;9;Tehen;ショク、ふ-く、ぬぐ-う
1031;食;9;"Shoku, Shokuhen";ショク、[ジキ]、く-う、く-らう、た-べる
1032;植;12;"Ki, Kihen";ショク、う-える、う-わる
1033;殖;12;Kabanehen;ショク、ふ-える、ふ-やす
1034;飾;13;"Shoku, Shokuhen";ショク、かざ-る
1035;触;13;"Tsuno, Tsunohen";ショク、ふ-れる、さわ-る
1036;嘱;15;"Kuchi, Kuchihen";ショク
1037;織;18;"Ito, Itohen";ショク、シキ、お-る
1038;職;18;"Mimi, Mimihen";ショク
1039;辱;10;Shinnotatsu;ジョク、はずかし-める
1040;尻;5;Shikabane;しり
1041;心;4;"Kokoro, Risshinben, Shitagokoro";シン、こころ
1042;申;5;"Ta, Tahen";シン、もう-す
1043;伸;7;"Hito, Ninben, Hitoyane";シン、の-びる、の-ばす、の-べる
1044;臣;7;Shin;シン、ジン
1045;芯;7;Kusakanmuri;シン
1046;身;7;Mi;シン、み
1047;辛;7;Karai;シン、から-い
1048;侵;9;"Hito, Ninben, Hitoyane";シン、おか-す
1049;信;9;"Hito, Ninben, Hitoyane";シン
1050;津;9;"Mizu, Sanzui, Shitamizu";シン、つ
1051;神;9;"Shimesu, Shimesuhen";シン、ジン、かみ、[かん]、[こう]
1052;唇;10;"Kuchi, Kuchihen";シン、くちびる
1053;娠;10;"Onna, Onnahen";シン
1054;振;10;Tehen;シン、ふ-る、ふ-るう、ふ-れる
1055;浸;10;"Mizu, Sanzui, Shitamizu";シン、ひた-す、ひた-る
1056;真;10;"Me, Mehen";シン、ま
1057;針;10;"Kane, Kanehen";シン、はり
1058;深;11;"Mizu, Sanzui, Shitamizu";シン、ふか-い、ふか-まる、ふか-める
1059;紳;11;"Ito, Itohen";シン
1060;進;11;Shinnyoo;シン、すす-む、すす-める
1061;森;12;"Ki, Kihen";シン、もり
1062;診;12;"Gon, Gonben";シン、み-る
1063;寝;13;Ukanmuri;シン、ね-る、ね-かす
1064;慎;13;"Kokoro, Risshinben, Shitagokoro";シン、つつし-む
1065;新;13;"Kin, Onozukuri";シン、あたら-しい、あら-た、にい
1066;審;15;Ukanmuri;シン
1067;震;15;"Ame, Amekanmuri";シン、ふる-う、ふる-える
1068;薪;16;Kusakanmuri;シン、たきぎ
1069;親;16;Miru;シン、おや、した-しい、した-しむ
1070;人;2;"Hito, Ninben, Hitoyane";ジン、ニン、ひと
1071;刃;3;"Katana, Rittoo";ジン、は
1072;仁;4;"Hito, Ninben, Hitoyane";ジン、[ニ]
1073;尽;6;Shikabane;ジン、つ-くす、つ-きる、つ-かす
1074;迅;6;Shinnyoo;ジン
1075;甚;9;Amai;ジン、はなは-だ、はなは-だしい
1076;陣;10;Kozatohen;ジン
1077;尋;12;Sun;ジン、たず-ねる
1078;腎;13;"Niku, Nikuzuki";ジン
1079;須;12;Oogai;ス
1080;図;7;Kunigamae;ズ、ト、はか-る
1081;水;4;"Mizu, Sanzui, Shitamizu";スイ、みず
1082;吹;7;"Kuchi, Kuchihen";スイ、ふ-く
1083;垂;8;"Tsuchi, Tsuchihen";スイ、た-れる、た-らす
1084;炊;8;"Hi, Hihen, Renga";スイ、た-く
1085;帥;9;"Haba, Kinben";スイ
1086;粋;10;"Kome, Komehen";スイ、いき
1087;衰;10;"Koromo, Koromohen";スイ、おとろ-える
1088;推;11;Tehen;スイ、お-す
1089;酔;11;"Tori, Torihen";スイ、よ-う
1090;遂;12;Shinnyoo;スイ、と-げる
1091;睡;13;"Me, Mehen";スイ
1092;穂;15;"Nogi, Nogihen";スイ、ほ
1093;随;12;Kozatohen;ズイ
1094;髄;19;"Hone, Honehen";ズイ
1095;枢;8;"Ki, Kihen";スウ
1096;崇;11;"Yama, Yamahen";スウ
1097;数;13;Nobun;スウ、[ス]、かず、かぞ-える
1098;据;11;Tehen;す-える、す-わる
1099;杉;7;"Ki, Kihen";すぎ
1100;裾;13;"Koromo, Koromohen";すそ
1101;寸;3;Sun;スン
1102;瀬;19;"Mizu, Sanzui, Shitamizu";せ
1103;是;9;"Nichi, Nichihen";ゼ
1104;井;4;Ni;セイ、[ショウ]、い
1105;世;5;Ichi;セイ、セ、よ
1106;正;5;Tomeru;セイ、ショウ、ただ-しい、ただ-す、まさ
1107;生;5;Umareru;セイ、ショウ、い-きる、い-かす、い-ける、う-まれる、う-む、お-う、は-える、は-やす、き、なま
1108;成;6;"Hokogamae, Hokozukuri";セイ、[ジョウ]、な-る、な-す
1109;西;6;Nishi;セイ、サイ、にし
1110;声;7;Samurai;セイ、[ショウ]、こえ、[こわ]
1111;制;8;"Katana, Rittoo";セイ
1112;姓;8;"Onna, Onnahen";セイ、ショウ
1113;征;8;Gyooninben;セイ
1114;性;8;"Kokoro, Risshinben, Shitagokoro";セイ、ショウ
1115;青;8;"Ao, Aohen";セイ、[ショウ]、あお、あお-い
1116;斉;8;Sei;セイ
1117;政;9;Nobun;セイ、[ショウ]、まつりごと
1118;星;9;"Nichi, Nichihen";セイ、[ショウ]、ほし
1119;牲;9;"Ushi, Ushihen";セイ
1120;省;9;"Me, Mehen";セイ、ショウ、かえり-みる、はぶ-く
1121;凄;10;Nisui;セイ
1122;逝;10;Shinnyoo;セイ、ゆ-く、い-く
1123;清;11;"Mizu, Sanzui, Shitamizu";セイ、[ショウ]、きよ-い、きよ-まる、きよ-める
1124;盛;11;Sara;セイ、[ジョウ]、も-る、さか-る、さか-ん
1125;婿;12;"Onna, Onnahen";セイ、むこ
1126;晴;12;"Nichi, Nichihen";セイ、は-れる、は-らす
1127;勢;13;Chikara;セイ、いきお-い
1128;聖;13;"Mimi, Mimihen";セイ
1129;誠;13;"Gon, Gonben";セイ、まこと
1130;精;14;"Kome, Komehen";セイ、[ショウ]
1131;製;14;"Koromo, Koromohen";セイ
1132;誓;14;"Gon, Gonben";セイ、ちか-う
1133;静;14;"Ao, Aohen";セイ、[ジョウ]、しず、しず-か、しず-まる、しず-める
1134;請;15;"Gon, Gonben";セイ、[シン]、こ-う、う-ける
1135;整;16;Nobun;セイ、ととの-える、ととの-う
1136;醒;16;"Tori, Torihen";セイ
1137;税;12;"Nogi, Nogihen";ゼイ
1138;夕;3;Yuube;セキ、ゆう
1139;斥;5;"Kin, Onozukuri";セキ
1140;石;5;"Ishi, Ishihen";セキ、[シャク]、[コク]、いし
1141;赤;7;Aka;セキ、[シャク]、あか、あか-い、あか-らむ、あか-らめる
1142;昔;8;"Nichi, Nichihen";セキ、[シャク]、むかし
1143;析;8;"Ki, Kihen";セキ
1144;席;10;"Haba, Kinben";セキ
1145;脊;10;"Niku, Nikuzuki";セキ
1146;隻;10;Furutori;セキ
1147;惜;11;"Kokoro, Risshinben, Shitagokoro";セキ、お-しい、お-しむ
1148;戚;11;"Hokogamae, Hokozukuri";セキ
1149;責;11;"Kai, Kaihen";セキ、せ-める
1150;跡;13;"Ashi, Ashihen";セキ、あと
1151;積;16;"Nogi, Nogihen";セキ、つ-む、つ-もる
1152;績;17;"Ito, Itohen";セキ
1153;籍;20;"Take, Takekanmuri";セキ
1154;切;4;"Katana, Rittoo";セツ、[サイ]、き-る、き-れる
1155;折;7;Tehen;セツ、お-る、おり、お-れる
1156;拙;8;Tehen;セツ、つたな-い
1157;窃;9;"Ana, Anakanmuri";セツ
1158;接;11;Tehen;セツ、つ-ぐ
1159;設;11;"Gon, Gonben";セツ、もう-ける
1160;雪;11;"Ame, Amekanmuri";セツ、ゆき
1161;摂;13;Tehen;セツ
1162;節;13;"Take, Takekanmuri";セツ、[セチ]、ふし
1163;説;14;"Gon, Gonben";セツ、[ゼイ]、と-く
1164;舌;6;Shita;ゼツ、した
1165;絶;12;"Ito, Itohen";ゼツ、た-える、た-やす、た-つ
1166;千;3;Juu;セン、ち
1167;川;3;Magarigawa;セン、かわ
1168;仙;5;"Hito, Ninben, Hitoyane";セン
1169;占;5;Uranai;セン、し-める、うらな-う
1170;先;6;Hitoashi;セン、さき
1171;宣;9;Ukanmuri;セン
1172;専;9;Sun;セン、もっぱ-ら
1173;泉;9;"Mizu, Sanzui, Shitamizu";セン、いずみ
1174;浅;9;"Mizu, Sanzui, Shitamizu";セン、あさ-い
1175;洗;9;"Mizu, Sanzui, Shitamizu";セン、あら-う
1176;染;9;"Ki, Kihen";セン、そ-める、そ-まる、し-みる、し-み
1177;扇;10;"To, Tokanmuri";セン、おうぎ
1178;栓;10;"Ki, Kihen";セン
1179;旋;11;"Hoo, Hoohen";セン
1180;船;11;"Fune, Funehen";セン、ふね、[ふな]
1181;戦;13;"Hokogamae, Hokozukuri";セン、いくさ、たたか-う
1182;煎;13;"Hi, Hihen, Renga";セン、い-る
1183;羨;13;Hitsuji;セン、うらや-む、うらや-ましい
1184;腺;13;"Niku, Nikuzuki";セン
1185;詮;13;"Gon, Gonben";セン
1186;践;13;"Ashi, Ashihen";セン
1187;箋;14;Kusakanmuri;セン
1188;銭;14;"Kane, Kanehen";セン、ぜに
1189;潜;15;"Mizu, Sanzui, Shitamizu";セン、ひそ-む、もぐ-る
1190;線;15;"Ito, Itohen";セン
1191;遷;15;Shinnyoo;セン
1192;選;15;Shinnyoo;セン、えら-ぶ
1193;薦;16;Kusakanmuri;セン、すす-める
1194;繊;17;"Ito, Itohen";セン
1195;鮮;17;"Uo, Uohen";セン、あざ-やか
1196;全;6;"Hito, Ninben, Hitoyane";ゼン、まった-く、すべ-て
1197;前;9;"Katana, Rittoo";ゼン、まえ
1198;善;12;"Kuchi, Kuchihen";ゼン、よ-い
1199;然;12;"Hi, Hihen, Renga";ゼン、ネン
1200;禅;13;"Shimesu, Shimesuhen";ゼン
1201;漸;14;"Mizu, Sanzui, Shitamizu";ゼン
1202;膳;16;"Niku, Nikuzuki";ゼン
1203;繕;18;"Ito, Itohen";ゼン、つくろ-う
1204;狙;8;"Inu, Kemonohen";ソ、ねら-う
1205;阻;8;Kozatohen;ソ、はば-む
1206;祖;9;"Shimesu, Shimesuhen";ソ
1207;租;10;"Nogi, Nogihen";ソ
1208;素;10;"Ito, Itohen";ソ、ス
1209;措;11;Tehen;ソ
1210;粗;11;"Kome, Komehen";ソ、あら-い
1211;組;11;"Ito, Itohen";ソ、く-む、くみ
1212;疎;12;Hiki;ソ、うと-い、うと-む
1213;訴;12;"Gon, Gonben";ソ、うった-える
1214;塑;13;"Tsuchi, Tsuchihen";ソ
1215;遡;14;Shinnyoo;ソ、さかのぼ-る
1216;礎;18;"Ishi, Ishihen";ソ、いしずえ
1217;双;4;Mata;ソウ、ふた
1218;壮;6;Samurai;ソウ
1219;早;6;"Nichi, Nichihen";ソウ、[サッ]、はや-い、はや-まる、はや-める
1220;争;6;Ku;ソウ、あらそ-う
1221;走;7;"Hashiru, Soonyoo";ソウ、はし-る
1222;奏;9;Dai;ソウ、かな-でる
1223;相;9;"Me, Mehen";ソウ、ショウ、あい
1224;荘;9;Kusakanmuri;ソウ
1225;草;9;Kusakanmuri;ソウ、くさ
1226;送;9;Shinnyoo;ソウ、おく-る
1227;倉;10;"Hito, Ninben, Hitoyane";ソウ、くら
1228;捜;10;Tehen;ソウ、さが-す
1229;挿;10;Tehen;ソウ、さ-す
1230;桑;10;"Ki, Kihen";ソウ、くわ
1231;巣;11;Tsukanmuri;ソウ、す
1232;掃;11;Tehen;ソウ、は-く
1233;曹;11;Hirabi;ソウ
1234;曽;11;Hirabi;ソウ、[ゾ]
1235;爽;11;"Meme, Kou";ソウ、さわ-やか
1236;窓;11;"Ana, Anakanmuri";ソウ、まど
1237;創;12;"Katana, Rittoo";ソウ、つく-る
1238;喪;12;"Kuchi, Kuchihen";ソウ、も
1239;痩;12;Yamaidare;ソウ、や-せる
1240;葬;12;Kusakanmuri;ソウ、ほうむ-る
1241;装;12;"Koromo, Koromohen";ソウ、ショウ、よそお-う
1242;僧;13;"Hito, Ninben, Hitoyane";ソウ
1243;想;13;"Kokoro, Risshinben, Shitagokoro";ソウ、[ソ]
1244;層;14;Shikabane;ソウ
1245;総;14;"Ito, Itohen";ソウ
1246;遭;14;Shinnyoo;ソウ、あ-う
1247;槽;15;"Ki, Kihen";ソウ
1248;踪;15;"Ashi, Ashihen";ソウ
1249;操;16;Tehen;ソウ、みさお、あやつ-る
1250;燥;17;"Hi, Hihen, Renga";ソウ
1251;霜;17;"Ame, Amekanmuri";ソウ、しも
1252;騒;18;"Uma, Umahen";ソウ、さわ-ぐ
1253;藻;19;Kusakanmuri;ソウ、も
1254;造;10;Shinnyoo;ゾウ、つく-る
1255;像;14;"Hito, Ninben, Hitoyane";ゾウ
1256;増;14;"Tsuchi, Tsuchihen";ゾウ、ま-す、ふ-える、ふ-やす
1257;憎;14;"Kokoro, Risshinben, Shitagokoro";ゾウ、にく-む、にく-い、にく-らしい、にく-しみ
1258;蔵;15;Kusakanmuri;ゾウ、くら
1259;贈;18;"Kai, Kaihen";ゾウ、[ソウ]、おく-る
1260;臓;19;"Niku, Nikuzuki";ゾウ
1261;即;7;"Fushizukuri, Warifu";ソク
1262;束;7;"Ki, Kihen";ソク、たば
1263;足;7;"Ashi, Ashihen";ソク、あし、た-りる、た-る、た-す
1264;促;9;"Hito, Ninben, Hitoyane";ソク、うなが-す
1265;則;9;"Katana, Rittoo";ソク
1266;息;10;"Kokoro, Risshinben, Shitagokoro";ソク、いき
1267;捉;10;Tehen;ソク、とら-える
1268;速;10;Shinnyoo;ソク、はや-い、はや-める、はや-まる、すみ-やか
1269;側;11;"Hito, Ninben, Hitoyane";ソク、がわ
1270;測;12;"Mizu, Sanzui, Shitamizu";ソク、はか-る
1271;俗;9;"Hito, Ninben, Hitoyane";ゾク
1272;族;11;"Hoo, Hoohen";ゾク
1273;属;12;Shikabane;ゾク
1274;賊;13;"Kai, Kaihen";ゾク
1275;続;13;"Ito, Itohen";ゾク、つづ-く、つづ-ける
1276;卒;8;Juu;ソツ
1277;率;11;Gen;ソツ、リツ、ひき-いる
1278;存;6;"Ko, Kohen";ソン、ゾン
1279;村;7;"Ki, Kihen";ソン、むら
1280;孫;10;"Ko, Kohen";ソン、まご
1281;尊;12;Sun;ソン、たっと-い、とうと-い、たっと-ぶ、とうと-ぶ
1282;損;13;Tehen;ソン、そこ-なう、そこ-ねる
1283;遜;14;Shinnyoo;ソン
1284;他;5;"Hito, Ninben, Hitoyane";タ、ほか
1285;多;6;Yuube;タ、おお-い
1286;汰;7;"Mizu, Sanzui, Shitamizu";タ
1287;打;5;Tehen;ダ、う-つ
1288;妥;7;"Onna, Onnahen";ダ
1289;唾;11;"Kuchi, Kuchihen";ダ、つば
1290;堕;12;"Tsuchi, Tsuchihen";ダ
1291;惰;12;"Kokoro, Risshinben, Shitagokoro";ダ
1292;駄;14;"Uma, Umahen";ダ
1293;太;4;Dai;タイ、タ、ふと-い、ふと-る
1294;対;7;Sun;タイ、ツイ
1295;体;7;"Hito, Ninben, Hitoyane";タイ、テイ、からだ
1296;耐;9;Shikashite;タイ、た-える
1297;待;9;Gyooninben;タイ、ま-つ
1298;怠;9;"Kokoro, Risshinben, Shitagokoro";タイ、おこた-る、なま-ける
1299;胎;9;"Niku, Nikuzuki";タイ
1300;退;9;Shinnyoo;タイ、しりぞ-く、しりぞ-ける
1301;帯;10;"Haba, Kinben";タイ、お-びる、おび
1302;泰;10;"Mizu, Sanzui, Shitamizu";タイ
1303;堆;11;"Tsuchi, Tsuchihen";タイ
1304;袋;11;"Koromo, Koromohen";タイ、ふくろ
1305;逮;11;Shinnyoo;タイ
1306;替;12;Hirabi;タイ、か-える、か-わる
1307;貸;12;"Kai, Kaihen";タイ、か-す
1308;隊;12;Kozatohen;タイ
1309;滞;13;"Mizu, Sanzui, Shitamizu";タイ、とどこお-る
1310;態;14;"Kokoro, Risshinben, Shitagokoro";タイ
1311;戴;17;"Hokogamae, Hokozukuri";タイ
1312;大;3;Dai;ダイ、タイ、おお、おお-きい、おお-いに
1313;代;5;"Hito, Ninben, Hitoyane";ダイ、タイ、か-わる、か-える、よ、しろ
1314;台;5;"Kuchi, Kuchihen";ダイ、タイ
1315;第;11;"Take, Takekanmuri";ダイ
1316;題;18;Oogai;ダイ
1317;滝;13;"Mizu, Sanzui, Shitamizu";たき
1318;宅;6;Ukanmuri;タク
1319;択;7;Tehen;タク
1320;沢;7;"Mizu, Sanzui, Shitamizu";タク、さわ
1321;卓;8;Juu;タク
1322;拓;8;Tehen;タク
1323;託;10;"Gon, Gonben";タク
1324;濯;17;"Mizu, Sanzui, Shitamizu";タク
1325;諾;15;"Gon, Gonben";ダク
1326;濁;16;"Mizu, Sanzui, Shitamizu";ダク、にご-る、にご-す
1327;但;7;"Hito, Ninben, Hitoyane";ただ-し
1328;達;12;Shinnyoo;タツ
1329;脱;11;"Niku, Nikuzuki";ダツ、ぬ-ぐ、ぬ-げる
1330;奪;14;Dai;ダツ、うば-う
1331;棚;12;"Ki, Kihen";たな
1332;誰;15;"Gon, Gonben";だれ
1333;丹;4;Ten;タン
1334;旦;5;"Nichi, Nichihen";タン、ダン
1335;担;8;Tehen;タン、かつ-ぐ、にな-う
1336;単;9;Tsukanmuri;タン
1337;炭;9;"Hi, Hihen, Renga";タン、すみ
1338;胆;9;"Niku, Nikuzuki";タン
1339;探;11;Tehen;タン、さぐ-る、さが-す
1340;淡;11;"Mizu, Sanzui, Shitamizu";タン、あわ-い
1341;短;12;"Ya, Yahen";タン、みじか-い
1342;嘆;13;"Kuchi, Kuchihen";タン、なげ-く、なげ-かわしい
1343;端;14;Tatsu;タン、はし、は、はた
1344;綻;14;"Ito, Itohen";タン、ほころ-びる
1345;誕;15;"Gon, Gonben";タン
1346;鍛;17;"Kane, Kanehen";タン、きた-える
1347;団;6;Kunigamae;ダン、[トン]
1348;男;7;"Ta, Tahen";ダン、ナン、おとこ
1349;段;9;Rumata;ダン
1350;断;11;"Kin, Onozukuri";ダン、た-つ、ことわ-る
1351;弾;12;"Yumi, Yumihen";ダン、ひ-く、はず-む、たま
1352;暖;13;"Nichi, Nichihen";ダン、あたた-か、あたた-かい、あたた-まる、あたた-める
1353;談;15;"Gon, Gonben";ダン
1354;壇;16;"Tsuchi, Tsuchihen";ダン、[タン]
1355;地;6;"Tsuchi, Tsuchihen";チ、ジ
1356;池;6;"Mizu, Sanzui, Shitamizu";チ、いけ
1357;知;8;"Ya, Yahen";チ、し-る
1358;値;10;"Hito, Ninben, Hitoyane";チ、ね、あたい
1359;恥;10;"Kokoro, Risshinben, Shitagokoro";チ、は-じる、はじ、は-じらう、は-ずかしい
1360;致;10;Itaru;チ、いた-す
1361;遅;12;Shinnyoo;チ、おく-れる、おく-らす、おそ-い
1362;痴;13;Yamaidare;チ
1363;稚;13;"Nogi, Nogihen";チ
1364;置;13;Amigashira;チ、お-く
1365;緻;16;"Ito, Itohen";チ
1366;竹;6;"Take, Takekanmuri";チク、たけ
1367;畜;10;"Ta, Tahen";チク
1368;逐;10;Shinnyoo;チク
1369;蓄;13;Kusakanmuri;チク、たくわ-える
1370;築;16;"Take, Takekanmuri";チク、きず-く
1371;秩;10;"Nogi, Nogihen";チツ
1372;窒;11;"Ana, Anakanmuri";チツ
1373;茶;9;Kusakanmuri;チャ、サ
1374;着;12;Hitsuji;チャク、[ジャク]、き-る、き-せる、つ-く、つ-ける
1375;嫡;14;"Onna, Onnahen";チャク
1376;中;4;Boo;チュウ、[ジュウ]、なか
1377;仲;6;"Hito, Ninben, Hitoyane";チュウ、なか
1378;虫;6;"Mushi, Mushihen";チュウ、むし
1379;沖;7;"Mizu, Sanzui, Shitamizu";チュウ、おき
1380;宙;8;Ukanmuri;チュウ
1381;忠;8;"Kokoro, Risshinben, Shitagokoro";チュウ
1382;抽;8;Tehen;チュウ
1383;注;8;"Mizu, Sanzui, Shitamizu";チュウ、そそ-ぐ
1384;昼;9;"Nichi, Nichihen";チュウ、ひる
1385;柱;9;"Ki, Kihen";チュウ、はしら
1386;衷;10;"Koromo, Koromohen";チュウ
1387;酎;10;"Tori, Torihen";チュウ
1388;鋳;15;"Kane, Kanehen";チュウ、い-る
1389;駐;15;"Uma, Umahen";チュウ
1390;著;11;Kusakanmuri;チョ、あらわ-す、いちじる-しい
1391;貯;12;"Kai, Kaihen";チョ
1392;丁;2;Ichi;チョウ、テイ
1393;弔;4;"Yumi, Yumihen";チョウ、とむら-う
1394;庁;5;Madare;チョウ
1395;兆;6;Hitoashi;チョウ、きざ-す、きざ-し
1396;町;7;"Ta, Tahen";チョウ、まち
1397;長;8;Nagai;チョウ、なが-い
1398;挑;9;Tehen;チョウ、いど-む
1399;帳;11;"Haba, Kinben";チョウ
1400;張;11;"Yumi, Yumihen";チョウ、は-る
1401;彫;11;Sanzukuri;チョウ、ほ-る
1402;眺;11;"Me, Mehen";チョウ、なが-める
1403;釣;11;"Kane, Kanehen";チョウ、つ-る
1404;頂;11;Oogai;チョウ、いただ-く、いただき
1405;鳥;11;Tori;チョウ、とり
1406;朝;12;"Tsuki, Tsukihen";チョウ、あさ
1407;貼;12;"Kai, Kaihen";チョウ、は-る
1408;超;12;"Hashiru, Soonyoo";チョウ、こ-える、こ-す
1409;腸;13;"Niku, Nikuzuki";チョウ
1410;跳;13;"Ashi, Ashihen";チョウ、は-ねる、と-ぶ
1411;徴;14;Gyooninben;チョウ
1412;嘲;15;"Kuchi, Kuchihen";チョウ、あざけ-る
1413;潮;15;"Mizu, Sanzui, Shitamizu";チョウ、しお
1414;澄;15;"Mizu, Sanzui, Shitamizu";チョウ、す-む、す-ます
1415;調;15;"Gon, Gonben";チョウ、しら-べる、ととの-う、ととの-える
1416;聴;17;"Mimi, Mimihen";チョウ、き-く
1417;懲;18;"Kokoro, Risshinben, Shitagokoro";チョウ、こ-りる、こ-らす、こ-らしめる
1418;直;8;"Me, Mehen";チョク、ジキ、ただ-ちに、なお-す、なお-る
1419;勅;9;Chikara;チョク
1420;捗;10;Tehen;チョク
1421;沈;7;"Mizu, Sanzui, Shitamizu";チン、しず-む、しず-める
1422;珍;9;"Tama, Oo";チン、めずら-しい
1423;朕;10;"Tsuki, Tsukihen";チン
1424;陳;11;Kozatohen;チン
1425;賃;13;"Kai, Kaihen";チン
1426;鎮;18;"Kane, Kanehen";チン、しず-める、しず-まる
1427;追;9;Shinnyoo;ツイ、お-う
1428;椎;12;"Ki, Kihen";ツイ
1429;墜;15;"Tsuchi, Tsuchihen";ツイ
1430;通;10;Shinnyoo;ツウ、[ツ]、とお-る、とお-す、かよ-う
1431;痛;12;Yamaidare;ツウ、いた-い、いた-む、いた-める
1432;塚;12;"Tsuchi, Tsuchihen";つか
1433;漬;14;"Mizu, Sanzui, Shitamizu";つ-ける、つ-かる
1434;坪;8;"Tsuchi, Tsuchihen";つぼ
1435;爪;4;Tsumekanmuri;つめ、[つま]
1436;鶴;21;Tori;つる
1437;低;7;"Hito, Ninben, Hitoyane";テイ、ひく-い、ひく-める、ひく-まる
1438;呈;7;"Kuchi, Kuchihen";テイ
1439;廷;7;Ennyoo;テイ
1440;弟;7;"Yumi, Yumihen";テイ、[ダイ]、[デ]、おとうと
1441;定;8;Ukanmuri;テイ、ジョウ、さだ-める、さだ-まる、さだ-か
1442;底;8;Madare;テイ、そこ
1443;抵;8;Tehen;テイ
1444;邸;8;Oozato;テイ
1445;亭;9;Nabebuta;テイ
1446;貞;9;"Kai, Kaihen";テイ
1447;帝;9;"Haba, Kinben";テイ
1448;訂;9;"Gon, Gonben";テイ
1449;庭;10;Madare;テイ、にわ
1450;逓;10;Shinnyoo;テイ
1451;停;11;"Hito, Ninben, Hitoyane";テイ
1452;偵;11;"Hito, Ninben, Hitoyane";テイ
1453;堤;12;"Tsuchi, Tsuchihen";テイ、つつみ
1454;提;12;Tehen;テイ、さ-げる
1455;程;12;"Nogi, Nogihen";テイ、ほど
1456;艇;13;"Fune, Funehen";テイ
1457;締;15;"Ito, Itohen";テイ、し-まる、し-める
1458;諦;16;"Gon, Gonben";テイ、あきら-める
1459;泥;8;"Mizu, Sanzui, Shitamizu";デイ、どろ
1460;的;8;Shiro;テキ、まと
1461;笛;11;"Take, Takekanmuri";テキ、ふえ
1462;摘;14;Tehen;テキ、つ-む
1463;滴;14;"Mizu, Sanzui, Shitamizu";テキ、しずく、したた-る
1464;適;14;Shinnyoo;テキ
1465;敵;15;Nobun;テキ、かたき
1466;溺;13;"Mizu, Sanzui, Shitamizu";デキ、おぼ-れる
1467;迭;8;Shinnyoo;テツ
1468;哲;10;"Kuchi, Kuchihen";テツ
1469;鉄;13;"Kane, Kanehen";テツ
1470;徹;15;Gyooninben;テツ
1471;撤;15;Tehen;テツ
1472;天;4;Dai;テン、あめ、[あま]
1473;典;8;Hachi;テン
1474;店;8;Madare;テン、みせ
1475;点;9;"Hi, Hihen, Renga";テン
1476;展;10;Shikabane;テン
1477;添;11;"Mizu, Sanzui, Shitamizu";テン、そ-える、そ-う
1478;転;11;"Kuruma, Kurumahen";テン、ころ-がる、ころ-げる、ころ-がす、ころ-ぶ
1479;填;13;"Tsuchi, Tsuchihen";テン
1480;田;5;"Ta, Tahen";デン、た
1481;伝;6;"Hito, Ninben, Hitoyane";デン、つた-わる、つた-える、つた-う
1482;殿;13;Rumata;デン、テン、との、どの
1483;電;13;"Ame, Amekanmuri";デン
1484;斗;4;Tomasu;ト
1485;吐;6;"Kuchi, Kuchihen";ト、は-く
1486;妬;8;"Onna, Onnahen";ト、ねた-む
1487;徒;10;Gyooninben;ト
1488;途;10;Shinnyoo;ト
1489;都;11;Oozato;ト、ツ、みやこ
1490;渡;12;"Mizu, Sanzui, Shitamizu";ト、わた-る、わた-す
1491;塗;13;"Tsuchi, Tsuchihen";ト、ぬ-る
1492;賭;16;"Kai, Kaihen";ト、か-ける
1493;土;3;"Tsuchi, Tsuchihen";ド、ト、つち
1494;奴;5;"Onna, Onnahen";ド
1495;努;7;Chikara;ド、つと-める
1496;度;9;Madare;ド、[ト]、[タク]、たび
1497;怒;9;"Kokoro, Risshinben, Shitagokoro";ド、いか-る、おこ-る
1498;刀;2;"Katana, Rittoo";トウ、かたな
1499;冬;5;Suinyoo;トウ、ふゆ
1500;灯;6;"Hi, Hihen, Renga";トウ、ひ
1501;当;6;Shoo;トウ、あ-たる、あ-てる
1502;投;7;Tehen;トウ、な-げる
1503;豆;7;Mame;トウ、[ズ]、まめ
1504;東;8;"Ki, Kihen";トウ、ひがし
1505;到;8;"Katana, Rittoo";トウ
1506;逃;9;Shinnyoo;トウ、に-げる、に-がす、のが-す、のが-れる
1507;倒;10;"Hito, Ninben, Hitoyane";トウ、たお-れる、たお-す
1508;凍;10;Nisui;トウ、こお-る、こご-える
1509;唐;10;"Kuchi, Kuchihen";トウ、から
1510;島;10;"Yama, Yamahen";トウ、しま
1511;桃;10;"Ki, Kihen";トウ、もも
1512;討;10;"Gon, Gonben";トウ、う-つ
1513;透;10;Shinnyoo;トウ、す-く、す-かす、す-ける
1514;党;10;Shoo;トウ
1515;悼;11;"Kokoro, Risshinben, Shitagokoro";トウ、いた-む
1516;盗;11;Sara;トウ、ぬす-む
1517;陶;11;Kozatohen;トウ
1518;塔;12;"Tsuchi, Tsuchihen";トウ
1519;搭;12;Tehen;トウ
1520;棟;12;"Ki, Kihen";トウ、むね、[むな]
1521;湯;12;"Mizu, Sanzui, Shitamizu";トウ、ゆ
1522;痘;12;Yamaidare;トウ
1523;登;12;Hatsugashira;トウ、ト、のぼ-る
1524;答;12;"Take, Takekanmuri";トウ、こた-える、こた-え
1525;等;12;"Take, Takekanmuri";トウ、ひと-しい
1526;筒;12;"Take, Takekanmuri";トウ、つつ
1527;統;12;"Ito, Itohen";トウ、す-べる
1528;稲;14;"Nogi, Nogihen";トウ、いね、[いな]
1529;踏;15;"Ashi, Ashihen";トウ、ふ-む、ふ-まえる
1530;糖;16;"Kome, Komehen";トウ
1531;頭;16;Oogai;トウ、ズ、[ト]、あたま、かしら
1532;謄;17;"Gon, Gonben";トウ
1533;藤;18;Kusakanmuri;トウ、ふじ
1534;闘;18;Mongamae;トウ、たたか-う
1535;騰;20;"Uma, Umahen";トウ
1536;同;6;"Kuchi, Kuchihen";ドウ、おな-じ
1537;洞;9;"Mizu, Sanzui, Shitamizu";ドウ、ほら
1538;胴;10;"Niku, Nikuzuki";ドウ
1539;動;11;Chikara;ドウ、うご-く、うご-かす
1540;堂;11;"Tsuchi, Tsuchihen";ドウ
1541;童;12;Tatsu;ドウ、わらべ
1542;道;12;Shinnyoo;ドウ、[トウ]、みち
1543;働;13;"Hito, Ninben, Hitoyane";ドウ、はたら-く
1544;銅;14;"Kane, Kanehen";ドウ
1545;導;15;Sun;ドウ、みちび-く
1546;瞳;17;"Me, Mehen";ドウ、ひとみ
1547;峠;9;"Yama, Yamahen";とうげ
1548;匿;10;Kakushigamae;トク
1549;特;10;"Ushi, Ushihen";トク
1550;得;11;Gyooninben;トク、え-る、う-る
1551;督;13;"Me, Mehen";トク
1552;徳;14;Gyooninben;トク
1553;篤;16;"Take, Takekanmuri";トク
1554;毒;8;"Haha, Hahanokan";ドク
1555;独;9;"Inu, Kemonohen";ドク、ひと-り
1556;読;14;"Gon, Gonben";ドク、トク、[トウ]、よ-む
1557;栃;9;"Ki, Kihen";[とち]
1558;凸;5;Ukebako;トツ
1559;突;8;"Ana, Anakanmuri";トツ、つ-く
1560;届;8;Shikabane;とど-ける、とど-く
1561;屯;4;Tetsu;トン
1562;豚;11;Inoko;トン、ぶた
1563;頓;13;Oogai;トン
1564;貪;11;"Kai, Kaihen";ドン、むさぼ-る
1565;鈍;12;"Kane, Kanehen";ドン、にぶ-い、にぶ-る
1566;曇;16;"Nichi, Nichihen";ドン、くも-る
1567;丼;5;Ten;どんぶり、[どん]
1568;那;7;Oozato;ナ
1569;奈;8;Dai;ナ
1570;内;4;"Hito, Ninben, Hitoyane";ナイ、[ダイ]、うち
1571;梨;11;"Ki, Kihen";なし
1572;謎;17;"Gon, Gonben";なぞ
1573;鍋;17;"Kane, Kanehen";なべ
1574;南;9;Juu;ナン、[ナ]、みなみ
1575;軟;11;"Kuruma, Kurumahen";ナン、やわ-らか、やわ-らかい
1576;難;18;Furutori;ナン、かた-い、むずか-しい
1577;二;2;Ni;ニ、ふた、ふた-つ
1578;尼;5;Shikabane;ニ、あま
1579;弐;6;Shikigamae;ニ
1580;匂;4;Tsutsumigamae;にお-う
1581;肉;6;"Niku, Nikuzuki";ニク
1582;虹;9;"Mushi, Mushihen";にじ
1583;日;4;"Nichi, Nichihen";ニチ、ジツ、ひ、か
1584;入;2;Iru;ニュウ、い-る、い-れる、はい-る
1585;乳;8;"Otsu, Otsunyoo";ニュウ、ちち、ち
1586;尿;7;Shikabane;ニョウ
1587;任;6;"Hito, Ninben, Hitoyane";ニン、まか-せる、まか-す
1588;妊;7;"Onna, Onnahen";ニン
1589;忍;7;"Kokoro, Risshinben, Shitagokoro";ニン、しの-ぶ、しの-ばせる
1590;認;14;"Gon, Gonben";ニン、みと-める
1591;寧;14;Ukanmuri;ネイ
1592;熱;15;"Hi, Hihen, Renga";ネツ、あつ-い
1593;年;6;Ichijuu;ネン、とし
1594;念;8;"Kokoro, Risshinben, Shitagokoro";ネン
1595;捻;11;Tehen;ネン
1596;粘;11;"Kome, Komehen";ネン、ねば-る
1597;燃;16;"Hi, Hihen, Renga";ネン、も-える、も-やす、も-す
1598;悩;10;"Kokoro, Risshinben, Shitagokoro";ノウ、なや-む、なや-ます
1599;納;10;"Ito, Itohen";ノウ、[ナッ]、[ナ]、[ナン]、[トウ]、おさ-める、おさ-まる
1600;能;10;"Niku, Nikuzuki";ノウ
1601;脳;11;"Niku, Nikuzuki";ノウ
1602;農;13;Shinnotatsu;ノウ
1603;濃;16;"Mizu, Sanzui, Shitamizu";ノウ、こ-い
1604;把;7;Tehen;ハ
1605;波;8;"Mizu, Sanzui, Shitamizu";ハ、なみ
1606;派;9;"Mizu, Sanzui, Shitamizu";ハ
1607;破;10;"Ishi, Ishihen";ハ、やぶ-る、やぶ-れる
1608;覇;19;Nishi;ハ
1609;馬;10;"Uma, Umahen";バ、うま、[ま]
1610;婆;11;"Onna, Onnahen";バ
1611;罵;15;Amigashira;バ、ののし-る
1612;拝;8;Tehen;ハイ、おが-む
1613;杯;8;"Ki, Kihen";ハイ、さかずき
1614;背;9;"Niku, Nikuzuki";ハイ、せ、せい、そむ-く、そむ-ける
1615;肺;9;"Niku, Nikuzuki";ハイ
1616;俳;10;"Hito, Ninben, Hitoyane";ハイ
1617;配;10;"Tori, Torihen";ハイ、くば-る
1618;排;11;Tehen;ハイ
1619;敗;11;Nobun;ハイ、やぶ-れる
1620;廃;12;Madare;ハイ、すた-れる、すた-る
1621;輩;15;"Kuruma, Kurumahen";ハイ
1622;売;7;Samurai;バイ、う-る、う-れる
1623;倍;10;"Hito, Ninben, Hitoyane";バイ
1624;梅;10;"Ki, Kihen";バイ、うめ
1625;培;11;"Tsuchi, Tsuchihen";バイ、つちか-う
1626;陪;11;Kozatohen;バイ
1627;媒;12;"Onna, Onnahen";バイ
1628;買;12;"Kai, Kaihen";バイ、か-う
1629;賠;15;"Kai, Kaihen";バイ
1630;白;5;Shiro;ハク、ビャク、しろ、[しら]、しろ-い
1631;伯;7;"Hito, Ninben, Hitoyane";ハク
1632;拍;8;Tehen;ハク、[ヒョウ]
1633;泊;8;"Mizu, Sanzui, Shitamizu";ハク、と-まる、と-める
1634;迫;8;Shinnyoo;ハク、せま-る
1635;剥;10;"Katana, Rittoo";ハク、は-がす、は-ぐ、は-がれる、は-げる
1636;舶;11;"Fune, Funehen";ハク
1637;博;12;Juu;ハク、[バク]
1638;薄;16;Kusakanmuri;ハク、うす-い、うす-める、うす-まる、うす-らぐ、うす-れる
1639;麦;7;Mugi;バク、むぎ
1640;漠;13;"Mizu, Sanzui, Shitamizu";バク
1641;縛;16;"Ito, Itohen";バク、しば-る
1642;爆;19;"Hi, Hihen, Renga";バク
1643;箱;15;"Take, Takekanmuri";はこ
1644;箸;15;"Take, Takekanmuri";はし
1645;畑;9;"Ta, Tahen";はた、はたけ
1646;肌;6;"Niku, Nikuzuki";はだ
1647;八;2;Hachi;ハチ、や、や-つ、やっ-つ、[よう]
1648;鉢;13;"Kane, Kanehen";ハチ、[ハツ]
1649;発;9;Hatsugashira;ハツ、ホツ
1650;髪;14;Kamigashira;ハツ、かみ
1651;伐;6;"Hito, Ninben, Hitoyane";バツ
1652;抜;7;Tehen;バツ、ぬ-く、ぬ-ける、ぬ-かす、ぬ-かる
1653;罰;14;Amigashira;バツ、バチ
1654;閥;14;Mongamae;バツ
1655;反;4;Mata;ハン、[ホン]、[タン]、そ-る、そ-らす
1656;半;5;Juu;ハン、なか-ば
1657;氾;5;"Mizu, Sanzui, Shitamizu";ハン
1658;犯;5;"Inu, Kemonohen";ハン、おか-す
1659;帆;6;"Haba, Kinben";ハン、ほ
1660;汎;6;"Mizu, Sanzui, Shitamizu";ハン
1661;伴;7;"Hito, Ninben, Hitoyane";ハン、バン、ともな-う
1662;判;7;"Katana, Rittoo";ハン、バン
1663;坂;7;"Tsuchi, Tsuchihen";ハン、さか
1664;阪;7;Kozatohen;ハン
1665;板;8;"Ki, Kihen";ハン、バン、いた
1666;版;8;Katahen;ハン
1667;班;10;"Tama, Oo";ハン
1668;畔;10;"Ta, Tahen";ハン
1669;般;10;"Fune, Funehen";ハン
1670;販;11;"Kai, Kaihen";ハン
1671;斑;12;Bun;ハン
1672;飯;12;"Shoku, Shokuhen";ハン、めし
1673;搬;13;Tehen;ハン
1674;煩;13;"Hi, Hihen, Renga";ハン、[ボン]、わずら-う、わずら-わす
1675;頒;13;Oogai;ハン
1676;範;15;"Take, Takekanmuri";ハン
1677;繁;16;"Ito, Itohen";ハン
1678;藩;18;Kusakanmuri;ハン
1679;晩;12;"Nichi, Nichihen";バン
1680;番;12;"Ta, Tahen";バン
1681;蛮;12;"Mushi, Mushihen";バン
1682;盤;15;Sara;バン
1683;比;4;Kuraberu;ヒ、くら-べる
1684;皮;5;Kegawa;ヒ、かわ
1685;妃;6;"Onna, Onnahen";ヒ
1686;否;7;"Kuchi, Kuchihen";ヒ、いな
1687;批;7;Tehen;ヒ
1688;彼;8;Gyooninben;ヒ、かれ、[かの]
1689;披;8;Tehen;ヒ
1690;肥;8;"Niku, Nikuzuki";ヒ、こ-える、こえ、こ-やす、こ-やし
1691;非;8;Arazu;ヒ
1692;卑;9;Juu;ヒ、いや-しい、いや-しむ、いや-しめる
1693;飛;9;Tobu;ヒ、と-ぶ、と-ばす
1694;疲;10;Yamaidare;ヒ、つか-れる
1695;秘;10;"Nogi, Nogihen";ヒ、ひ-める
1696;被;10;"Koromo, Koromohen";ヒ、こうむ-る
1697;悲;12;"Kokoro, Risshinben, Shitagokoro";ヒ、かな-しい、かな-しむ
1698;扉;12;"To, Tokanmuri";ヒ、とびら
1699;費;12;"Kai, Kaihen";ヒ、つい-やす、つい-える
1700;碑;14;"Ishi, Ishihen";ヒ
1701;罷;15;Amigashira;ヒ
1702;避;16;Shinnyoo;ヒ、さ-ける
1703;尾;7;Shikabane;ビ、お
1704;眉;9;"Me, Mehen";ビ、[ミ]、まゆ
1705;美;9;Hitsuji;ビ、うつく-しい
1706;備;12;"Hito, Ninben, Hitoyane";ビ、そな-える、そな-わる
1707;微;13;Gyooninben;ビ
1708;鼻;14;Hana;ビ、はな
1709;膝;15;"Niku, Nikuzuki";ひざ
1710;肘;7;"Niku, Nikuzuki";ひじ
1711;匹;4;Kakushigamae;ヒツ、ひき
1712;必;5;"Kokoro, Risshinben, Shitagokoro";ヒツ、かなら-ず
1713;泌;8;"Mizu, Sanzui, Shitamizu";ヒツ、ヒ
1714;筆;12;"Take, Takekanmuri";ヒツ、ふで
1715;姫;10;"Onna, Onnahen";ひめ
1716;百;6;Shiro;ヒャク
1717;氷;5;"Mizu, Sanzui, Shitamizu";ヒョウ、こおり、ひ
1718;表;8;"Koromo, Koromohen";ヒョウ、おもて、あらわ-す、あらわ-れる
1719;俵;10;"Hito, Ninben, Hitoyane";ヒョウ、たわら
1720;票;11;"Shimesu, Shimesuhen";ヒョウ
1721;評;12;"Gon, Gonben";ヒョウ
1722;漂;14;"Mizu, Sanzui, Shitamizu";ヒョウ、ただよ-う
1723;標;15;"Ki, Kihen";ヒョウ
1724;苗;8;Kusakanmuri;ビョウ、なえ、[なわ]
1725;秒;9;"Nogi, Nogihen";ビョウ
1726;病;10;Yamaidare;ビョウ、[ヘイ]、や-む、やまい
1727;描;11;Tehen;ビョウ、えが-く、か-く
1728;猫;11;"Inu, Kemonohen";ビョウ、ねこ
1729;品;9;"Kuchi, Kuchihen";ヒン、しな
1730;浜;10;"Mizu, Sanzui, Shitamizu";ヒン、はま
1731;貧;11;"Kai, Kaihen";ヒン、ビン、まず-しい
1732;賓;15;"Kai, Kaihen";ヒン
1733;頻;17;Oogai;ヒン
1734;敏;10;Nobun;ビン
1735;瓶;11;Kawara;ビン
1736;不;4;Fu;フ、ブ
1737;夫;4;Dai;フ、[フウ]、おっと
1738;父;4;Chichi;フ、ちち
1739;付;5;"Hito, Ninben, Hitoyane";フ、つ-ける、つ-く
1740;布;5;"Haba, Kinben";フ、ぬの
1741;扶;7;Tehen;フ
1742;府;8;Madare;フ
1743;怖;8;"Kokoro, Risshinben, Shitagokoro";フ、こわ-い
1744;阜;8;Kozatohen;[フ]
1745;附;8;Kozatohen;フ
1746;訃;9;"Gon, Gonben";フ
1747;負;9;"Kai, Kaihen";フ、ま-ける、ま-かす、お-う
1748;赴;9;"Hashiru, Soonyoo";フ、おもむ-く
1749;浮;10;"Mizu, Sanzui, Shitamizu";フ、う-く、う-かれる、う-かぶ、う-かべる
1750;婦;11;"Onna, Onnahen";フ
1751;符;11;"Take, Takekanmuri";フ
1752;富;12;Ukanmuri;フ、[フウ]、と-む、とみ
1753;普;12;"Nichi, Nichihen";フ
1754;腐;14;"Niku, Nikuzuki";フ、くさ-る、くさ-れる、くさ-らす
1755;敷;15;Nobun;フ、し-く
1756;膚;15;"Niku, Nikuzuki";フ
1757;賦;15;"Kai, Kaihen";フ
1758;譜;19;"Gon, Gonben";フ
1759;侮;8;"Hito, Ninben, Hitoyane";ブ、あなど-る
1760;武;8;Tomeru;ブ、ム
1761;部;11;Oozato;ブ
1762;舞;15;Maiashi;ブ、ま-う、まい
1763;封;9;Sun;フウ、ホウ
1764;風;9;Kaze;フウ、[フ]、かぜ、[かざ]
1765;伏;6;"Hito, Ninben, Hitoyane";フク、ふ-せる、ふ-す
1766;服;8;"Tsuki, Tsukihen";フク
1767;副;11;"Katana, Rittoo";フク
1768;幅;12;"Haba, Kinben";フク、はば
1769;復;12;Gyooninben;フク
1770;福;13;"Shimesu, Shimesuhen";フク
1771;腹;13;"Niku, Nikuzuki";フク、はら
1772;複;14;"Koromo, Koromohen";フク
1773;覆;18;Nishi;フク、おお-う、くつがえ-す、くつがえ-る
1774;払;5;Tehen;フツ、はら-う
1775;沸;8;"Mizu, Sanzui, Shitamizu";フツ、わ-く、わ-かす
1776;仏;4;"Hito, Ninben, Hitoyane";ブツ、ほとけ
1777;物;8;"Ushi, Ushihen";ブツ、モツ、もの
1778;粉;10;"Kome, Komehen";フン、こ、こな
1779;紛;10;"Ito, Itohen";フン、まぎ-れる、まぎ-らす、まぎ-らわす、まぎ-らわしい
1780;雰;12;"Ame, Amekanmuri";フン
1781;噴;15;"Kuchi, Kuchihen";フン、ふ-く
1782;墳;15;"Tsuchi, Tsuchihen";フン
1783;憤;15;"Kokoro, Risshinben, Shitagokoro";フン、いきどお-る
1784;奮;16;Dai;フン、ふる-う
1785;分;4;"Katana, Rittoo";ブン、フン、ブ、わ-ける、わ-かれる、わ-かる、わ-かつ
1786;文;4;Bun;ブン、モン、ふみ
1787;聞;14;"Mimi, Mimihen";ブン、モン、き-く、き-こえる
1788;丙;5;Ichi;ヘイ
1789;平;5;Ichijuu;ヘイ、ビョウ、たい-ら、ひら
1790;兵;7;Hachi;ヘイ、ヒョウ
1791;併;8;"Hito, Ninben, Hitoyane";ヘイ、あわ-せる
1792;並;8;Ni;ヘイ、なみ、なら-べる、なら-ぶ、なら-びに
1793;柄;9;"Ki, Kihen";ヘイ、がら、え
1794;陛;10;Kozatohen;ヘイ
1795;閉;11;Mongamae;ヘイ、と-じる、と-ざす、し-める、し-まる
1796;塀;12;"Tsuchi, Tsuchihen";ヘイ
1797;幣;15;"Haba, Kinben";ヘイ
1798;弊;15;"Komanuki, Nijuuashi";ヘイ
1799;蔽;15;Kusakanmuri;ヘイ
1800;餅;15;"Shoku, Shokuhen";ヘイ、もち
1801;米;6;"Kome, Komehen";ベイ、マイ、こめ
1802;壁;16;"Tsuchi, Tsuchihen";ヘキ、かべ
1803;璧;18;"Tama, Oo";ヘキ
1804;癖;18;Yamaidare;ヘキ、くせ
1805;別;7;"Katana, Rittoo";ベツ、わか-れる
1806;蔑;14;Kusakanmuri;ベツ、さげす-む
1807;片;4;Katahen;ヘン、かた
1808;辺;5;Shinnyoo;ヘン、あた-り、べ
1809;返;7;Shinnyoo;ヘン、かえ-す、かえ-る
1810;変;9;Suinyoo;ヘン、か-わる、か-える
1811;偏;11;"Hito, Ninben, Hitoyane";ヘン、かたよ-る
1812;遍;12;Shinnyoo;ヘン
1813;編;15;"Ito, Itohen";ヘン、あ-む
1814;弁;5;"Komanuki, Nijuuashi";ベン
1815;便;9;"Hito, Ninben, Hitoyane";ベン、ビン、たよ-り
1816;勉;10;Chikara;ベン
1817;歩;8;Tomeru;ホ、ブ、[フ]、ある-く、あゆ-む
1818;保;9;"Hito, Ninben, Hitoyane";ホ、たも-つ
1819;哺;10;"Kuchi, Kuchihen";ホ
1820;捕;10;Tehen;ホ、と-らえる、と-らわれる、と-る、つか-まえる、つか-まる
1821;補;12;"Koromo, Koromohen";ホ、おぎな-う
1822;舗;15;"Hito, Ninben, Hitoyane";ホ
1823;母;5;"Haha, Hahanokan";ボ、はは
1824;募;12;Chikara;ボ、つの-る
1825;墓;13;"Tsuchi, Tsuchihen";ボ、はか
1826;慕;14;"Kokoro, Risshinben, Shitagokoro";ボ、した-う
1827;暮;14;"Nichi, Nichihen";ボ、く-れる、く-らす
1828;簿;19;"Take, Takekanmuri";ボ
1829;方;4;"Hoo, Hoohen";ホウ、かた
1830;包;5;Tsutsumigamae;ホウ、つつ-む
1831;芳;7;Kusakanmuri;ホウ、かんば-しい
1832;邦;7;Oozato;ホウ
1833;奉;8;Dai;ホウ、[ブ]、たてまつ-る
1834;宝;8;Ukanmuri;ホウ、たから
1835;抱;8;Tehen;ホウ、だ-く、いだ-く、かか-える
1836;放;8;Nobun;ホウ、はな-す、はな-つ、はな-れる、ほう-る
1837;法;8;"Mizu, Sanzui, Shitamizu";ホウ、[ハッ]、[ホッ]
1838;泡;8;"Mizu, Sanzui, Shitamizu";ホウ、あわ
1839;胞;9;"Niku, Nikuzuki";ホウ
1840;俸;10;"Hito, Ninben, Hitoyane";ホウ
1841;倣;10;"Hito, Ninben, Hitoyane";ホウ、なら-う
1842;峰;10;"Yama, Yamahen";ホウ、みね
1843;砲;10;"Ishi, Ishihen";ホウ
1844;崩;11;"Yama, Yamahen";ホウ、くず-れる、くず-す
1845;訪;11;"Gon, Gonben";ホウ、おとず-れる、たず-ねる
1846;報;12;"Tsuchi, Tsuchihen";ホウ、むく-いる
1847;蜂;13;"Mushi, Mushihen";ホウ、はち
1848;豊;13;Mame;ホウ、ゆた-か
1849;飽;13;"Shoku, Shokuhen";ホウ、あ-きる、あ-かす
1850;褒;15;"Koromo, Koromohen";ホウ、ほ-める
1851;縫;16;"Ito, Itohen";ホウ、ぬ-う
1852;亡;3;Nabebuta;ボウ、[モウ]、な-い
1853;乏;4;No;ボウ、とぼ-しい
1854;忙;6;"Kokoro, Risshinben, Shitagokoro";ボウ、いそが-しい
1855;坊;7;"Tsuchi, Tsuchihen";ボウ、[ボッ]
1856;妨;7;"Onna, Onnahen";ボウ、さまた-げる
1857;忘;7;"Kokoro, Risshinben, Shitagokoro";ボウ、わす-れる
1858;防;7;Kozatohen;ボウ、ふせ-ぐ
1859;房;8;"To, Tokanmuri";ボウ、ふさ
1860;肪;8;"Niku, Nikuzuki";ボウ
1861;某;9;"Ki, Kihen";ボウ
1862;冒;9;Hirabi;ボウ、おか-す
1863;剖;10;"Katana, Rittoo";ボウ
1864;紡;10;"Ito, Itohen";ボウ、つむ-ぐ
1865;望;11;"Tsuki, Tsukihen";ボウ、モウ、のぞ-む
1866;傍;12;"Hito, Ninben, Hitoyane";ボウ、かたわ-ら
1867;帽;12;"Haba, Kinben";ボウ
1868;棒;12;"Ki, Kihen";ボウ
1869;貿;12;"Kai, Kaihen";ボウ
1870;貌;14;"Mujina, Mujinahen";ボウ
1871;暴;15;"Nichi, Nichihen";ボウ、[バク]、あば-く、あば-れる
1872;膨;16;"Niku, Nikuzuki";ボウ、ふく-らむ、ふく-れる
1873;謀;16;"Gon, Gonben";ボウ、[ム]、はか-る
1874;頬;16;Oogai;ほお
1875;北;5;Hi;ホク、きた
1876;木;4;"Ki, Kihen";ボク、モク、き、[こ]
1877;朴;6;"Ki, Kihen";ボク
1878;牧;8;"Ushi, Ushihen";ボク、まき
1879;睦;13;"Me, Mehen";ボク
1880;僕;14;"Hito, Ninben, Hitoyane";ボク
1881;墨;14;"Tsuchi, Tsuchihen";ボク、すみ
1882;撲;15;Tehen;ボク
1883;没;7;"Mizu, Sanzui, Shitamizu";ボツ
1884;勃;9;Chikara;ボツ
1885;堀;11;"Tsuchi, Tsuchihen";ほり
1886;本;5;"Ki, Kihen";ホン、もと
1887;奔;8;Dai;ホン
1888;翻;18;Hane;ホン、ひるがえ-る、ひるがえ-す
1889;凡;3;Tsukue;ボン、[ハン]
1890;盆;9;Sara;ボン
1891;麻;11;Asa;マ、あさ
1892;摩;15;Te;マ
1893;磨;16;"Ishi, Ishihen";マ、みが-く
1894;魔;21;"Oni, Kinyoo";マ
1895;毎;6;"Haha, Hahanokan";マイ
1896;妹;8;"Onna, Onnahen";マイ、いもうと
1897;枚;8;"Ki, Kihen";マイ
1898;昧;9;"Nichi, Nichihen";マイ
1899;埋;10;"Tsuchi, Tsuchihen";マイ、う-める、う-まる、う-もれる
1900;幕;13;"Haba, Kinben";マク、バク
1901;膜;14;"Niku, Nikuzuki";マク
1902;枕;8;"Ki, Kihen";まくら
1903;又;2;Mata;また
1904;末;5;"Ki, Kihen";マツ、バツ、すえ
1905;抹;8;Tehen;マツ
1906;万;3;Ichi;マン、バン
1907;満;12;"Mizu, Sanzui, Shitamizu";マン、み-ちる、み-たす
1908;慢;14;"Kokoro, Risshinben, Shitagokoro";マン
1909;漫;14;"Mizu, Sanzui, Shitamizu";マン
1910;未;5;"Ki, Kihen";ミ
1911;味;8;"Kuchi, Kuchihen";ミ、あじ、あじ-わう
1912;魅;15;"Oni, Kinyoo";ミ
1913;岬;8;"Yama, Yamahen";みさき
1914;密;11;Ukanmuri;ミツ
1915;蜜;14;"Mushi, Mushihen";ミツ
1916;脈;10;"Niku, Nikuzuki";ミャク
1917;妙;7;"Onna, Onnahen";ミョウ
1918;民;5;Uji;ミン、たみ
1919;眠;10;"Me, Mehen";ミン、ねむ-る、ねむ-い
1920;矛;5;Hoko;ム、ほこ
1921;務;11;Chikara;ム、つと-める、つと-まる
1922;無;12;"Hi, Hihen, Renga";ム、ブ、な-い
1923;夢;13;Yuube;ム、ゆめ
1924;霧;19;"Ame, Amekanmuri";ム、きり
1925;娘;10;"Onna, Onnahen";むすめ
1926;名;6;"Kuchi, Kuchihen";メイ、ミョウ、な
1927;命;8;"Kuchi, Kuchihen";メイ、ミョウ、いのち
1928;明;8;"Nichi, Nichihen";メイ、ミョウ、あ-かり、あか-るい、あか-るむ、あか-らむ、あき-らか、あ-ける、あ-く、あ-くる、あ-かす
1929;迷;9;Shinnyoo;メイ、まよ-う
1930;冥;10;Wakanmuri;メイ、ミョウ
1931;盟;13;Sara;メイ
1932;銘;14;"Kane, Kanehen";メイ
1933;鳴;14;Tori;メイ、な-く、な-る、な-らす
1934;滅;13;"Mizu, Sanzui, Shitamizu";メツ、ほろ-びる、ほろ-ぼす
1935;免;8;Hitoashi;メン、まぬか-れる
1936;面;9;Men;メン、おも、おもて、つら
1937;綿;14;"Ito, Itohen";メン、わた
1938;麺;16;Mugi;メン
1939;茂;8;Kusakanmuri;モ、しげ-る
1940;模;14;"Ki, Kihen";モ、ボ
1941;毛;4;Ke;モウ、け
1942;妄;6;"Onna, Onnahen";モウ、ボウ
1943;盲;8;"Me, Mehen";モウ
1944;耗;10;Sukihen;モウ、[コウ]
1945;猛;11;"Inu, Kemonohen";モウ
1946;網;14;"Ito, Itohen";モウ、あみ
1947;目;5;"Me, Mehen";モク、[ボク]、め、[ま]
1948;黙;15;Kuro;モク、だま-る
1949;門;8;Mongamae;モン、かど
1950;紋;10;"Ito, Itohen";モン
1951;問;11;"Kuchi, Kuchihen";モン、と-う、と-い、[とん]
1952;冶;7;Nisui;ヤ
1953;夜;8;Yuube;ヤ、よ、よる
1954;野;11;"Sato, Satohen";ヤ、の
1955;弥;8;"Yumi, Yumihen";や
1956;厄;4;Gandare;ヤク
1957;役;7;Gyooninben;ヤク、エキ
1958;約;9;"Ito, Itohen";ヤク
1959;訳;11;"Gon, Gonben";ヤク、わけ
1960;薬;16;Kusakanmuri;ヤク、くすり
1961;躍;21;"Ashi, Ashihen";ヤク、おど-る
1962;闇;17;Mongamae;やみ
1963;由;5;"Ta, Tahen";ユ、ユウ、[ユイ]、よし
1964;油;8;"Mizu, Sanzui, Shitamizu";ユ、あぶら
1965;喩;12;"Kuchi, Kuchihen";ユ
1966;愉;12;"Kokoro, Risshinben, Shitagokoro";ユ
1967;諭;16;"Gon, Gonben";ユ、さと-す
1968;輸;16;"Kuruma, Kurumahen";ユ
1969;癒;18;Yamaidare;ユ、い-える、い-やす
1970;唯;11;"Kuchi, Kuchihen";ユイ、[イ]
1971;友;4;Mata;ユウ、とも
1972;有;6;"Tsuki, Tsukihen";ユウ、ウ、あ-る
1973;勇;9;Chikara;ユウ、いさ-む
1974;幽;9;Itogashira;ユウ
1975;悠;11;"Kokoro, Risshinben, Shitagokoro";ユウ
1976;郵;11;Oozato;ユウ
1977;湧;12;"Mizu, Sanzui, Shitamizu";ユウ、わ-く
1978;猶;12;"Inu, Kemonohen";ユウ
1979;裕;12;"Koromo, Koromohen";ユウ
1980;遊;12;Shinnyoo;ユウ、[ユ]、あそ-ぶ
1981;雄;12;Furutori;ユウ、お、おす
1982;誘;14;"Gon, Gonben";ユウ、さそ-う
1983;憂;15;"Kokoro, Risshinben, Shitagokoro";ユウ、うれ-える、うれ-い、う-い
1984;融;16;"Mushi, Mushihen";ユウ
1985;優;17;"Hito, Ninben, Hitoyane";ユウ、やさ-しい、すぐ-れる
1986;与;3;Ichi;ヨ、あた-える
1987;予;4;Haneboo;ヨ
1988;余;7;"Hito, Ninben, Hitoyane";ヨ、あま-る、あま-す
1989;誉;13;"Gon, Gonben";ヨ、ほま-れ
1990;預;13;Oogai;ヨ、あず-ける、あず-かる
1991;幼;5;Itogashira;ヨウ、おさな-い
1992;用;5;Mochiiru;ヨウ、もち-いる
1993;羊;6;Hitsuji;ヨウ、ひつじ
1994;妖;7;"Onna, Onnahen";ヨウ、あや-しい
1995;洋;9;"Mizu, Sanzui, Shitamizu";ヨウ
1996;要;9;Nishi;ヨウ、かなめ、い-る
1997;容;10;Ukanmuri;ヨウ
1998;庸;11;Madare;ヨウ
1999;揚;12;Tehen;ヨウ、あ-げる、あ-がる
2000;揺;12;Tehen;ヨウ、ゆ-れる、ゆ-る、ゆ-らぐ、ゆ-るぐ、ゆ-する、ゆ-さぶる、ゆ-すぶる
2001;葉;12;Kusakanmuri;ヨウ、は
2002;陽;12;Kozatohen;ヨウ
2003;溶;13;"Mizu, Sanzui, Shitamizu";ヨウ、と-ける、と-かす、と-く
2004;腰;13;"Niku, Nikuzuki";ヨウ、こし
2005;様;14;"Ki, Kihen";ヨウ、さま
2006;瘍;14;Yamaidare;ヨウ
2007;踊;14;"Ashi, Ashihen";ヨウ、おど-る、おど-り
2008;窯;15;"Ana, Anakanmuri";ヨウ、かま
2009;養;15;"Shoku, Shokuhen";ヨウ、やしな-う
2010;擁;16;Tehen;ヨウ
2011;謡;16;"Gon, Gonben";ヨウ、うたい、うた-う
2012;曜;18;"Nichi, Nichihen";ヨウ
2013;抑;7;Tehen;ヨク、おさ-える
2014;沃;7;"Mizu, Sanzui, Shitamizu";ヨク
2015;浴;10;"Mizu, Sanzui, Shitamizu";ヨク、あ-びる、あ-びせる
2016;欲;11;Akubi;ヨク、ほっ-する、ほ-しい
2017;翌;11;Hane;ヨク
2018;翼;17;Hane;ヨク、つばさ
2019;拉;8;Tehen;ラ
2020;裸;13;"Koromo, Koromohen";ラ、はだか
2021;羅;19;Amigashira;ラ
2022;来;7;"Ki, Kihen";ライ、く-る、きた-る、きた-す
2023;雷;13;"Ame, Amekanmuri";ライ、かみなり
2024;頼;16;Oogai;ライ、たの-む、たの-もしい、たよ-る
2025;絡;12;"Ito, Itohen";ラク、から-む、から-まる、から-める
2026;落;12;Kusakanmuri;ラク、お-ちる、お-とす
2027;酪;13;"Tori, Torihen";ラク
2028;辣;14;Karai;ラツ
2029;乱;7;"Otsu, Otsunyoo";ラン、みだ-れる、みだ-す
2030;卵;7;"Fushizukuri, Warifu";ラン、たまご
2031;覧;17;Miru;ラン
2032;濫;18;"Mizu, Sanzui, Shitamizu";ラン
2033;藍;18;Kusakanmuri;ラン、あい
2034;欄;20;"Ki, Kihen";ラン
2035;吏;6;"Kuchi, Kuchihen";リ
2036;利;7;"Katana, Rittoo";リ、き-く
2037;里;7;"Sato, Satohen";リ、さと
2038;理;11;"Tama, Oo";リ
2039;痢;12;Yamaidare;リ
2040;裏;13;"Koromo, Koromohen";リ、うら
2041;履;15;Shikabane;リ、は-く
2042;璃;15;"Tama, Oo";リ
2043;離;19;Furutori;リ、はな-れる、はな-す
2044;陸;11;Kozatohen;リク
2045;立;5;Tatsu;リツ、[リュウ]、た-つ、た-てる
2046;律;9;Gyooninben;リツ、[リチ]
2047;慄;13;"Kokoro, Risshinben, Shitagokoro";リツ
2048;略;11;"Ta, Tahen";リャク
2049;柳;9;"Ki, Kihen";リュウ、やなぎ
2050;流;10;"Mizu, Sanzui, Shitamizu";リュウ、[ル]、なが-れる、なが-す
2051;留;10;"Ta, Tahen";リュウ、[ル]、と-める、と-まる
2052;竜;10;Ryuu;リュウ、たつ
2053;粒;11;"Kome, Komehen";リュウ、つぶ
2054;隆;11;Kozatohen;リュウ
2055;硫;12;"Ishi, Ishihen";リュウ
2056;侶;9;"Hito, Ninben, Hitoyane";リョ
2057;旅;10;"Hoo, Hoohen";リョ、たび
2058;虜;13;Toragashira;リョ
2059;慮;15;"Kokoro, Risshinben, Shitagokoro";リョ
2060;了;2;Haneboo;リョウ
2061;両;6;Ichi;リョウ
2062;良;7;Kon;リョウ、よ-い
2063;料;10;Tomasu;リョウ
2064;涼;11;"Mizu, Sanzui, Shitamizu";リョウ、すず-しい、すず-む
2065;猟;11;"Inu, Kemonohen";リョウ
2066;陵;11;Kozatohen;リョウ、みささぎ
2067;量;12;"Sato, Satohen";リョウ、はか-る
2068;僚;14;"Hito, Ninben, Hitoyane";リョウ
2069;領;14;Oogai;リョウ
2070;寮;15;Ukanmuri;リョウ
2071;療;17;Yamaidare;リョウ
2072;瞭;17;"Me, Mehen";リョウ
2073;糧;18;"Kome, Komehen";リョウ、[ロウ]、かて
2074;力;2;Chikara;リョク、リキ、ちから
2075;緑;14;"Ito, Itohen";リョク、[ロク]、みどり
2076;林;8;"Ki, Kihen";リン、はやし
2077;厘;9;Gandare;リン
2078;倫;10;"Hito, Ninben, Hitoyane";リン
2079;輪;15;"Kuruma, Kurumahen";リン、わ
2080;隣;16;Kozatohen;リン、とな-る、となり
2081;臨;18;Shin;リン、のぞ-む
2082;瑠;14;"Tama, Oo";ル
2083;涙;10;"Mizu, Sanzui, Shitamizu";ルイ、なみだ
2084;累;11;"Ito, Itohen";ルイ
2085;塁;12;"Tsuchi, Tsuchihen";ルイ
2086;類;18;Oogai;ルイ、たぐ-い
2087;令;5;"Hito, Ninben, Hitoyane";レイ
2088;礼;5;"Shimesu, Shimesuhen";レイ、ライ
2089;冷;7;Nisui;レイ、つめ-たい、ひ-える、ひ-や、ひ-やす、ひ-やかす、さ-める、さ-ます
2090;励;7;Chikara;レイ、はげ-む、はげ-ます
2091;戻;7;"To, Tokanmuri";レイ、もど-す、もど-る
2092;例;8;"Hito, Ninben, Hitoyane";レイ、たと-える
2093;鈴;13;"Kane, Kanehen";レイ、リン、すず
2094;零;13;"Ame, Amekanmuri";レイ
2095;霊;15;"Ame, Amekanmuri";レイ、リョウ、たま
2096;隷;16;Reizukuri;レイ
2097;齢;17;"Ha, Hahen";レイ
2098;麗;19;Shika;レイ、うるわ-しい
2099;暦;14;"Nichi, Nichihen";レキ、こよみ
2100;歴;14;Tomeru;レキ
2101;列;6;"Katana, Rittoo";レツ
2102;劣;6;Chikara;レツ、おと-る
2103;烈;10;"Hi, Hihen, Renga";レツ
2104;裂;12;"Koromo, Koromohen";レツ、さ-く、さ-ける
2105;恋;10;"Kokoro, Risshinben, Shitagokoro";レン、こ-う、こい、こい-しい
2106;連;10;Shinnyoo;レン、つら-なる、つら-ねる、つ-れる
2107;廉;13;Madare;レン
2108;練;14;"Ito, Itohen";レン、ね-る
2109;錬;16;"Kane, Kanehen";レン
2110;呂;7;"Kuchi, Kuchihen";ロ
2111;炉;8;"Hi, Hihen, Renga";ロ
2112;賂;13;"Kai, Kaihen";ロ
2113;路;13;"Ashi, Ashihen";ロ、じ
2114;露;21;"Ame, Amekanmuri";ロ、[ロウ]、つゆ
2115;老;6;Oikanmuri;ロウ、お-いる、ふ-ける
2116;労;7;Chikara;ロウ
2117;弄;7;"Komanuki, Nijuuashi";ロウ、もてあそ-ぶ
2118;郎;9;Oozato;ロウ
2119;朗;10;"Tsuki, Tsukihen";ロウ、ほが-らか
2120;浪;10;"Mizu, Sanzui, Shitamizu";ロウ
2121;廊;12;Madare;ロウ
2122;楼;13;"Ki, Kihen";ロウ
2123;漏;14;"Mizu, Sanzui, Shitamizu";ロウ、も-る、も-れる、も-らす
2124;籠;22;"Take, Takekanmuri";ロウ、かご、こ-もる
2125;六;4;Hachi;ロク、む、む-つ、むっ-つ、[むい]
2126;録;16;"Kane, Kanehen";ロク
2127;麓;19;Shika;ロク、ふもと
2128;論;15;"Gon, Gonben";ロン
2129;和;8;"Kuchi, Kuchihen";ワ、[オ]、やわ-らぐ、やわ-らげる、なご-む、なご-やか
2130;話;13;"Gon, Gonben";ワ、はな-す、はなし
2131;賄;13;"Kai, Kaihen";ワイ、まかな-う
2132;脇;10;"Niku, Nikuzuki";わき
2133;惑;12;"Kokoro, Risshinben, Shitagokoro";ワク、まど-う
2134;枠;8;"Ki, Kihen";わく
2135;湾;12;"Mizu, Sanzui, Shitamizu";ワン
2136;腕;12;"Niku, Nikuzuki";ワン、うで
